2,Dobik,Male,89,35,Wrestler,55,174
3,Frulam,Male,79,15,Boatman,31,312
5,Framrik,Male,110,37,Merchant,58,213
4,Flamrum,Male,117,25,Buckle,48,312
1,Gremlim,Male,83,37,Inventor,54,256
7,Thubu,Male,104,39,Concubine,30,297
8,Flade,Male,111,28,Bookbinder,42,341
6,Naf,Male,119,18,Barber,49,182
9,Khula,Male,100,21,Charioteer,31,160
13,Karber,Male,84,39,Dairymaid,30,159
11,Kerbun,Male,76,14,Diver,48,250
16,Than,Male,84,15,Cartographer,53,283
18,Koit,Male,96,37,Thief,55,261
17,Kudu,Male,74,19,Grocer,40,117
15,Nofrik,Male,80,24,Blacksmith,35,225
12,Dwundan,Male,98,20,Archivist,32,132
21,Tirvak,Male,109,12,Minstrel,52,53
24,Fubun,Male,90,31,Clergyman,59,257
22,Kinrir,Male,80,11,Cooper,34,311
19,Tagu,Male,71,29,Painter,58,347
23,Framren,Male,83,25,Concubine,39,389
25,Thrirluk,Male,90,16,Cutler,36,93
26,Faito,Male,119,37,Daimyo,50,141
27,Doit,Male,107,33,Philosopher,39,191
28,Kroida,Male,113,20,Judge,30,269
29,Ged,Male,80,25,Goldsmith,54,391
31,Fervar,Male,113,26,Groom,64,200
30,Brulo,Male,70,26,Jeweler,36,239
32,Krobor,Male,102,32,Alchemist,66,173
34,Moman,Male,87,45,Dancer,32,369
33,Glifrem,Male,109,19,Necromancer,30,264
35,Frobek,Male,109,18,Innkeeper,59,239
36,Draim,Male,110,37,Concubine,47,104
38,Fluto,Male,106,10,Lady,44,158
39,Toigi,Male,89,12,Cartographer,44,223
37,Frak,Male,93,13,Groom,37,369
42,Flofrir,Male,72,43,Astrologer,34,119
41,Grolun,Male,107,30,Laborer,43,167
40,Kidu,Male,72,39,Laborer,43,194
44,Mamlom,Male,114,36,Apothecary,68,339
43,Kramlon,Male,113,29,Innkeeper,48,136
46,Frailo,Male,110,31,Blacksmith,64,302
20,Mhudu,Male,94,26,Inventor,50,67
48,Ned,Male,114,31,Bricklayer,53,304
45,Kolvim,Male,87,31,Minstrel,55,220
50,Mhute,Male,111,14,Doctor,64,372
49,Grik,Male,72,20,Handler,59,139
52,Brandik,Male,117,15,Interpreter,45,236
53,Khandam,Male,85,11,Jongleur,47,108
54,Brirvam,Male,117,48,Aristocrat,62,58
51,Thumbek,Male,92,29,Seller,45,123
55,Kemrem,Male,111,31,Charioteer,61,314
58,Glaku,Male,97,20,Gladiator,37,277
57,Gleb,Male,116,40,Baker,61,267
60,Tud,Male,87,17,Alchemist,54,174
61,Musur,Male,76,33,Chandler,61,355
62,Branram,Male,76,22,Fisherman,68,298
63,Frolun,Male,96,29,Architect,33,244
56,Duna,Male,77,22,Barber,61,265
65,Gumrum,Male,92,38,Gardener,69,337
59,Khene,Male,96,37,Fighter,38,85
64,Kholvem,Male,73,34,Musician,52,196
67,Maime,Male,80,42,Slaver,67,120
69,Draik,Male,106,21,Advocate,54,326
66,Grait,Male,74,30,Groom,69,135
72,Bramrar,Male,100,25,Courtier,67,81
73,Kombom,Male,75,12,Bookbinder,38,157
68,Baid,Male,70,45,Smith,44,243
75,Dinuk,Male,74,11,Chieftain,53,258
76,Maido,Male,93,49,Cook,53,290
77,Bena,Male,71,31,Clergyman,32,94
78,Frait,Male,84,47,Infantryman,64,216
79,Thrufa,Male,72,24,Jeweler,49,284
70,Teb,Male,95,18,Knight,46,315
71,Krufrin,Male,81,32,Maker,48,303
80,Dimi,Male,80,22,Goldsmith,47,267
74,Krinrem,Male,88,31,Monk,38,353
81,Gondim,Male,88,20,Farmer,30,138
83,Khuran,Male,101,24,Thief,53,152
82,Brolbam,Male,107,33,Armorer,48,126
84,Gifam,Male,111,10,Chirurgeon,42,330
86,Brugo,Male,90,39,Clergyman,30,119
85,Nurbin,Male,96,24,Courtesan,55,290
88,Geni,Male,95,13,Cobbler,30,356
89,Ged,Male,107,18,Diviner,54,150
87,Nod,Male,119,49,Gardener,31,268
91,Guler,Male,87,48,General,36,330
90,Fub,Male,108,38,Emperor,46,96
93,Norlek,Male,78,17,Infantryman,52,210
94,Khasak,Male,119,11,Musician,40,133
92,Thrulbok,Male,80,14,Messenger,45,209
97,Lof,Male,91,25,King,65,83
98,Thul,Male,93,37,Architect,45,115
96,Theg,Male,84,20,Diviner,39,384
95,Krumlor,Male,115,16,Teacher,38,332
101,Brimrur,Male,82,46,Monk,45,291
99,Thoki,Male,72,21,Grocer,49,390
102,Throrvam,Male,71,34,Butcher,47,372
103,Nenrom,Male,82,49,Musician,47,380
104,Berak,Male,103,25,Judge,42,364
100,Foiko,Male,112,17,Kitchen,61,263
105,Glurbum,Male,88,23,Carpenter,67,377
106,Mofe,Male,118,13,Brigand,34,277
107,Det,Male,115,47,Philosopher,30,172
109,Naite,Male,107,14,Brick,58,194
108,Gloim,Male,101,35,Costermonger,49,150
112,Dwibar,Male,74,29,Grocer,45,68
111,Mefan,Male,101,22,Fisherman,60,108
110,Broifi,Male,101,32,Miner,34,350
115,Manrum,Male,75,41,Guildmaster,49,378
113,Mhelrar,Male,93,18,Judge,38,81
116,Thum,Male,87,27,Slaver,31,84
14,Namrur,Male,111,31,Bookbinder,47,361
114,Tesrun,Male,109,25,Philosopher,33,101
121,Grurbor,Male,74,30,Costermonger,56,212
117,Bol,Male,99,45,Barber,57,78
119,Thene,Male,101,25,Gardener,49,51
120,Flane,Male,101,36,Copyist,41,173
118,Boidu,Male,70,16,Buckle,37,83
123,Mhufram,Male,78,27,Brigand,46,167
125,Mhemlen,Male,72,14,Concubine,35,351
124,Drarbun,Male,71,30,Barmaid,50,280
126,Faiko,Male,113,12,Teamster,59,271
127,Khoili,Male,116,11,Dictator,69,327
129,Dwek,Male,73,44,Jongleur,69,292
128,Khade,Male,72,16,Chirurgeon,39,59
132,Khisrun,Male,93,19,Armorer,56,310
131,Dwumruk,Male,111,14,Barbarian,44,241
130,Kroik,Male,100,23,Bricklayer,56,309
133,Khurbin,Male,100,21,Torturer,30,190
135,Bondek,Male,101,39,Knight,38,365
136,Gib,Male,78,25,Judge,63,109
134,Glamlom,Male,113,39,Barkeep,69,330
138,Flabo,Male,105,28,Cowherd,36,265
137,Flib,Male,87,19,Archivist,48,319
140,Gafu,Male,107,40,Slaver,53,233
139,Nik,Male,96,44,Maker,66,140
141,Thrimrir,Male,106,36,Merchant,33,53
142,Frolbon,Male,90,42,Cowherd,41,100
144,Dunran,Male,112,40,Writer,59,171
143,Fumben,Male,102,42,Courtier,51,277
146,Tone,Male,116,14,Jeweler,41,364
145,Fremuk,Male,84,22,Laborer,49,309
148,Grak,Male,87,24,Carpenter,63,272
147,Dogu,Male,106,28,Domestic,69,282
149,Tone,Male,93,22,Counselor,61,164
151,Murvek,Male,80,39,Nurse,40,263
152,Khalvom,Male,97,47,Kitchen,61,354
150,Brila,Male,87,28,Banker,48,111
154,Mhisam,Male,96,25,Diviner,61,389
153,Dromror,Male,114,30,Interpreter,46,135
155,Fimik,Male,103,10,Brigand,49,310
157,Mhoik,Male,107,46,Chandler,61,220
158,Flado,Male,89,10,Lady,31,178
156,Drola,Male,70,11,Judge,35,354
159,Fug,Male,106,36,Lady,43,381
160,Fat,Male,86,41,Bricklayer,31,217
162,Brimbun,Male,101,20,Clerk,63,67
161,Fimun,Male,111,36,Fisherman,60,332
163,Flolrur,Male,99,34,Handler,42,178
164,Delak,Male,80,45,Advocate,31,136
167,Koib,Male,89,27,Courtesan,52,331
165,Brumbur,Male,116,43,Baker,63,345
166,Kraigu,Male,105,38,Concubine,33,255
170,Totu,Male,83,41,Goldsmith,54,163
169,Mhail,Male,103,12,Merchant,62,71
171,Khimlir,Male,79,12,Queen,41,183
168,Brobe,Male,81,44,Builder,42,333
173,Kemlar,Male,82,35,Cutler,63,167
174,Kasuk,Male,76,40,Clock,40,244
10,Lofo,Male,97,36,Copyist,65,303
175,Memrem,Male,70,42,Slave,58,304
176,Kim,Male,115,23,Aristocrat,37,385
177,Drud,Male,88,38,Commander,47,324
178,Grubo,Male,98,41,Buckle,51,302
181,Birik,Male,103,38,Diplomat,69,360
180,Funi,Male,85,31,Nurse,35,293
179,Defa,Male,71,29,Seller,52,80
182,Bolbem,Male,115,16,Infantryman,49,133
184,Lamlom,Male,116,30,Minstrel,60,70
183,Morik,Male,101,18,Artist,66,381
186,Glulu,Male,81,31,Fighter,48,391
185,Folon,Male,100,23,Crossbowman,44,377
188,Greku,Male,83,29,Dairymaid,60,282
187,Drike,Male,70,35,Cartographer,35,269
189,Mhat,Male,115,49,Smith,52,145
190,Meko,Male,71,32,Bookseller,49,65
192,Thrindem,Male,89,12,Barbarian,57,142
191,Flalruk,Male,114,21,Geisha,33,308
193,Garvek,Male,114,11,Animal,32,148
194,Bemak,Male,71,16,Groom,60,54
196,Mhubi,Male,81,15,Distiller,66,82
195,Breruk,Male,83,37,Pirate,38,196
197,Gab,Male,119,16,Musician,53,181
200,Dram,Male,72,32,Painter,69,79
198,Gid,Male,75,41,Fighter,64,370
201,Dumbor,Male,113,45,Banker,33,110
199,Frima,Male,93,35,Charioteer,42,136
204,Krisrek,Male,80,15,Distiller,48,379
202,Drumlok,Male,89,34,Pirate,48,323
172,Bremrur,Male,70,26,Minister,50,60
206,Thif,Male,117,37,Smith,69,360
205,Flibim,Male,78,47,Groom,30,298
207,Flali,Male,96,20,Costermonger,41,252
208,Khuli,Male,117,48,Pirate,40,206
210,Maile,Male,96,18,Musician,68,167
211,Tolem,Male,72,21,Nurse,51,225
209,Glaine,Male,110,15,Baker,49,127
213,Throndik,Male,119,48,Beggar,60,271
214,Fofrem,Male,110,16,Inventor,35,283
212,Thenom,Male,74,32,Queen,30,147
215,Kifror,Male,75,16,Bard,56,391
216,Druko,Male,109,41,Beer,60,343
217,Loima,Male,109,48,Servant,47,122
219,Groko,Male,111,29,Concubine,32,123
218,Thrina,Male,102,16,Maker,32,224
220,Mefo,Male,77,33,Astrologer,55,384
222,Mhirlom,Male,108,27,Wrestler,64,55
221,Lemruk,Male,119,46,Slaver,61,336
224,Nobok,Male,97,29,Wrestler,60,257
225,Lefren,Male,93,26,Bricklayer,52,220
223,Dromror,Male,104,48,Ranger,52,92
226,Mhoide,Male,106,46,Counselor,63,130
227,Thon,Male,92,28,Cobbler,39,149
228,Throli,Male,87,20,Necromancer,63,95
229,Fraimi,Male,90,28,Explorer,66,234
230,Laig,Male,106,29,Nurse,34,88
232,Thrambik,Male,86,41,Writer,64,254
231,Nasim,Male,111,22,Grocer,33,138
234,Drenduk,Male,118,12,Builder,50,280
233,Khanrom,Male,72,32,Commander,53,110
235,Mherbar,Male,96,39,Smith,67,196
237,Grodi,Male,90,29,Messenger,52,90
236,Luf,Male,71,14,Dairymaid,37,51
240,Flaidi,Male,105,23,Bricklayer,32,228
238,Kabu,Male,81,37,Ranger,57,252
203,Krelbur,Male,75,45,Wrestler,38,180
241,Konar,Male,112,31,Leader,44,74
243,Krisrak,Male,111,13,Diviner,52,113
242,Mhunror,Male,79,24,Teacher,51,152
244,Khusin,Male,107,49,Merchant,49,113
246,Kalo,Male,87,34,Armorer,40,203
245,Korlan,Male,72,45,Counselor,48,377
239,Gledu,Male,97,29,Artisan,55,77
248,Kaik,Male,87,49,Aristocrat,47,79
249,Bela,Male,84,16,Builder,30,345
250,Thek,Male,78,35,Artist,49,252
251,Gumlur,Male,78,48,Leader,67,296
252,Khindom,Male,99,47,Goldsmith,56,88
253,Kimbek,Male,117,43,Copyist,46,210
122,Flumlar,Male,96,48,Cooper,62,195
255,Frirlan,Male,111,31,Beggar,43,391
256,Drol,Male,86,39,Teacher,66,208
257,Krobi,Male,104,48,Architect,34,326
259,Groige,Male,82,35,Archer,61,334
47,Kraimi,Male,88,35,Teacher,36,313
258,Dregu,Male,73,15,Keeper,33,333
261,Thirlam,Male,95,33,Merchant,56,79
262,Mandik,Male,105,38,Archer,37,186
264,Thrilum,Male,86,21,Lord,32,233
263,Glulbor,Male,109,35,Barbarian,41,83
265,Korber,Male,81,35,Cobbler,67,117
266,Draim,Male,92,47,Counselor,61,91
269,Bida,Male,106,32,Teamster,39,379
268,Naib,Male,72,47,Ranger,44,291
267,Dwene,Male,116,25,Charioteer,66,285
270,Dwoiga,Male,88,16,Maker,67,385
271,Drifran,Male,93,21,Pirate,68,221
272,Tifrur,Male,82,24,Queen,56,246
273,Gibum,Male,119,23,Gladiator,31,231
274,Thurlak,Male,110,14,Diver,68,144
275,Krenrum,Male,97,19,Armorer,31,354
276,Glon,Male,100,41,Concubine,37,387
260,Drug,Male,113,48,Courtesan,49,131
279,Foik,Male,73,40,Swordsman,45,73
254,Khomlam,Male,114,23,Blacksmith,30,187
280,Krine,Male,82,13,Clothworker,57,120
282,Linor,Male,73,17,Alchemist,53,221
281,Lusrik,Male,87,34,Banker,33,378
284,Kholrer,Male,112,33,Kitchen,32,258
283,Glilruk,Male,105,44,Infantryman,44,129
285,Gebem,Male,80,26,Minstrel,38,124
286,Dit,Male,101,11,Grocer,55,333
278,Dwiga,Male,107,36,Chandler,47,233
288,Gruda,Male,104,15,Knight,59,139
289,Tit,Male,106,42,Infantryman,65,367
290,Fluf,Male,89,15,Courtier,32,372
291,Bamrir,Male,86,13,Barmaid,36,397
292,Miror,Male,116,38,Goldsmith,53,347
293,Glamin,Male,101,27,Swordsman,47,266
294,Muner,Male,99,30,Chatelaine,64,186
295,Glolvor,Male,92,18,Swordsman,39,316
298,Thad,Male,73,37,Clerk,62,165
296,Khid,Male,103,31,Farmer,49,282
297,Druka,Male,101,15,Cowherd,37,202
300,Braina,Male,79,19,Archivist,46,74
299,Khun,Male,101,10,Inventor,54,220
302,Tumbok,Male,87,42,Dictator,60,94
301,Nender,Male,74,34,Musician,69,241
303,Driruk,Male,75,30,Daimyo,61,125
304,Mofon,Male,108,24,Aristocrat,50,368
306,Brul,Male,74,39,Minister,33,159
305,Khomlur,Male,100,21,Leader,47,308
307,Fraino,Male,89,32,Fighter,41,272
309,Dwil,Male,84,41,Necromancer,51,160
308,Nifu,Male,75,40,Emperor,34,304
311,Drimron,Male,115,34,Slave,37,227
310,Brem,Male,105,18,Teacher,37,201
313,Glunon,Male,82,42,Seller,34,114
312,Nirvok,Male,107,41,Beer,51,143
314,Larim,Male,72,20,Soldier,39,173
316,Dwoiki,Male,87,22,Astrologer,53,255
317,Fate,Male,98,11,Ranger,61,333
315,Grondem,Male,91,12,Barmaid,47,255
319,Lugo,Male,88,14,Bookseller,54,391
318,Daito,Male,84,22,Brick,64,322
321,Flervuk,Male,81,44,Gardener,55,210
320,Laibo,Male,78,19,Beggar,56,156
323,Khirlam,Male,71,28,Carpenter,51,147
322,Lofrek,Male,91,10,Distiller,51,216
324,Bombok,Male,108,27,Beekeeper,39,170
325,Thirvor,Male,90,19,Dancer,62,229
327,Grumi,Male,116,27,Jongleur,59,162
326,Muni,Male,118,47,Apothecary,32,271
328,Grone,Male,97,43,Bard,39,172
329,Fromu,Male,82,38,Gardener,69,182
330,Glafa,Male,119,47,Minstrel,56,152
332,Glebar,Male,111,45,Cartographer,31,371
331,Brimir,Male,112,18,Minister,65,376
333,Thefrek,Male,119,37,Musician,45,303
335,Grerlek,Male,81,20,Necromancer,37,81
334,Feser,Male,90,33,Jeweler,33,392
336,Glil,Male,94,31,Chatelaine,67,158
338,Duna,Male,108,49,Wrestler,63,182
337,Maide,Male,92,13,Barkeep,49,53
340,Moiti,Male,75,21,Maker,40,292
342,Krombin,Male,117,17,Queen,68,172
339,Dwati,Male,97,34,Counselor,59,343
341,Menror,Male,118,14,Jongleur,68,320
344,Fulbun,Male,98,15,Diplomat,37,125
345,Mhulem,Male,102,47,Emperor,53,378
343,Dondek,Male,91,31,Guildmaster,65,79
346,Glaino,Male,72,12,Costermonger,46,210
348,Braid,Male,97,21,Wrestler,36,318
347,Mega,Male,73,36,Minstrel,68,297
349,Flite,Male,118,32,Inventor,55,233
350,Thrage,Male,75,24,Concubine,68,91
351,Faram,Male,77,47,Cartographer,68,127
247,Khal,Male,97,13,Innkeeper,51,327
352,Thorok,Male,94,21,Astrologer,59,256
354,Gilvek,Male,99,29,Emperor,51,298
356,Muku,Male,78,34,Fighter,41,377
357,Khod,Male,78,14,Minstrel,60,295
355,Tirlim,Male,102,40,Chandler,65,56
358,Tito,Male,102,44,Cobbler,32,291
359,Toito,Male,116,28,Aristocrat,69,380
360,Baigu,Male,81,14,Charioteer,57,82
361,Dwindar,Male,93,26,Copyist,46,157
362,Glendan,Male,116,12,Dairymaid,38,140
363,Mulvir,Male,74,30,Barber,68,193
365,Krirvom,Male,109,14,Smith,58,80
364,Frilvon,Male,102,44,Jongleur,56,150
366,Mit,Male,97,10,Miner,37,74
368,Brin,Male,108,42,Chatelaine,41,260
367,Fufa,Male,70,28,Keeper,44,61
369,Beg,Male,92,39,Farmer,42,166
370,Foif,Male,115,27,Teacher,54,140
287,Froilu,Male,113,20,Diplomat,40,387
371,Benon,Male,70,28,Necromancer,41,328
277,Grili,Male,98,24,Advocate,57,188
374,Glunok,Male,84,37,Buckle,58,131
375,Drimrom,Male,99,14,Actor,42,345
376,Boko,Male,119,21,Innkeeper,63,309
378,Noime,Male,75,22,Slaver,69,150
377,Thraimu,Male,74,24,Chirurgeon,61,271
379,Naf,Male,113,16,Artist,39,113
380,Krugi,Male,72,48,Innkeeper,37,83
382,Dwulver,Male,97,15,Soldier,51,321
381,Nimrin,Male,81,43,Builder,65,257
384,Dorven,Male,116,35,Lord,45,357
383,Farlum,Male,117,30,Judge,47,238
386,Flate,Male,74,14,Courtesan,36,348
385,Brenrem,Male,98,41,Clock,47,185
388,Fel,Male,110,29,Emperor,47,285
387,Droimu,Male,102,18,Musician,59,147
389,Nainu,Male,110,49,Buckle,51,377
390,Thul,Male,87,35,Courtesan,49,319
392,Felren,Male,80,32,Barbarian,65,90
391,Kinrom,Male,90,43,Pirate,40,197
393,Khenrur,Male,100,30,Brewer,69,387
395,Kirler,Male,81,18,Slave,58,381
394,Ferbun,Male,75,47,Beekeeper,62,125
397,Lalo,Male,98,27,Smith,68,344
396,Dredi,Male,74,16,Writer,38,267
399,Fafe,Male,107,43,Teacher,30,135
398,Tain,Male,105,49,Maker,41,222
401,Frurban,Male,104,18,Gardener,62,341
400,Kuge,Male,91,15,Wrestler,31,118
402,Krunrik,Male,94,13,Counselor,69,391
403,Mharbak,Male,116,32,Painter,39,157
405,Dwendik,Male,113,16,Maker,64,244
404,Bambuk,Male,97,20,Cartographer,60,300
407,Dwiku,Male,90,19,Dictator,32,173
408,Mhok,Male,109,30,Slave,44,335
409,Gribe,Male,112,35,Butcher,68,172
406,Boibo,Male,115,34,Counselor,55,142
411,Dwilbak,Male,91,44,Miner,53,90
410,Kug,Male,73,26,Brothel,52,195
413,Finir,Male,105,13,Guildmaster,58,224
412,Kumlan,Male,80,17,Commander,38,398
415,Lumlim,Male,108,47,Fishmonger,63,63
414,Khafen,Male,112,39,Inventor,31,81
416,Flag,Male,90,11,Fighter,42,217
418,Bigi,Male,80,25,Carpenter,68,328
417,Thrib,Male,70,26,Gladiator,38,200
419,Taige,Male,92,44,Astrologer,43,228
420,Thraim,Male,84,14,Barber,54,274
421,Drilom,Male,95,24,Fisherman,60,125
423,Genron,Male,112,31,Counselor,44,255
422,Nemrir,Male,85,45,Baker,66,178
425,Lefrur,Male,116,28,Crossbowman,44,149
424,Glarlim,Male,107,42,Brewer,52,377
427,Goif,Male,81,48,Pirate,41,242
353,Dwurvun,Male,114,39,Philosopher,37,360
426,Gref,Male,81,28,Cowherd,55,169
428,Throil,Male,78,13,Slaver,65,330
430,Nodo,Male,100,17,Fisherman,60,169
432,Nubuk,Male,101,44,Cobbler,63,333
431,Maram,Male,99,30,Maker,40,293
433,Thrasran,Male,116,17,King,61,91
434,Thrimbur,Male,86,25,Kitchen,65,163
435,Nenom,Male,73,43,Apothecary,61,355
373,Kumur,Male,70,42,Aristocrat,55,351
436,Gaile,Male,83,10,Interpreter,56,118
439,Motu,Male,101,30,Swordsman,35,248
438,Loli,Male,101,17,Artist,55,240
440,Druge,Male,95,29,Fighter,37,78
443,Disrir,Male,102,23,Emperor,64,178
441,Flibok,Male,94,33,Emperor,61,316
372,Numbek,Male,72,47,Geisha,48,233
444,Garak,Male,89,32,Chandler,59,185
446,Nubi,Male,96,42,Counselor,31,214
445,Gumlin,Male,96,10,Galley,40,273
447,Thef,Male,102,36,Grocer,43,367
448,Fruki,Male,82,25,Courtier,56,246
450,Throgo,Male,70,42,Smith,45,136
451,Thirlen,Male,104,17,Architect,38,106
449,Khaibi,Male,98,19,Cooper,59,324
452,Khimlir,Male,84,15,Aristocrat,53,53
453,Brasuk,Male,89,24,Infantryman,64,55
442,Bendom,Male,89,27,Clerk,34,83
456,Muk,Male,103,13,Costermonger,69,66
454,Glumik,Male,73,21,Leader,33,233
457,Gimu,Male,115,20,Crossbowman,35,396
429,Drak,Male,87,44,Counselor,57,343
459,Thaike,Male,74,49,Archivist,63,338
460,Boib,Male,108,17,Counselor,63,327
461,Tolber,Male,79,44,Caravan,63,279
463,Flamuk,Male,99,36,Minstrel,44,386
455,Mhufruk,Male,105,24,Student,58,115
464,Kharon,Male,95,15,Caravan,56,76
465,Ganren,Male,77,48,Butcher,59,106
466,Kraima,Male,98,29,Caravan,66,355
467,Thuge,Male,91,48,Dairymaid,32,245
469,Thoim,Male,73,23,Concubine,57,333
470,Brat,Male,92,45,Inventor,66,359
468,Def,Male,117,45,Barber,46,356
471,Gromlok,Male,87,21,Dairymaid,39,376
473,Lirlan,Male,76,35,Painter,44,108
475,Nimbun,Male,74,23,Artist,51,226
472,Krimrer,Male,112,14,Dictator,35,114
476,Khel,Male,87,46,Archer,64,110
474,Nonir,Male,80,44,Dictator,39,82
477,Bum,Male,72,39,Artist,68,258
478,Froin,Male,82,22,Jongleur,51,169
480,Drab,Male,83,14,Advocate,65,166
479,Flota,Male,100,16,Baker,30,128
482,Dobak,Male,113,41,Chieftain,63,172
481,Thrurbum,Male,72,22,Footman,50,337
483,Grufer,Male,116,16,Barbarian,30,312
485,Mirak,Male,72,14,Clock,35,167
484,Nesrik,Male,73,27,Seller,46,63
486,Dika,Male,87,20,Guildmaster,68,273
488,Drulo,Male,105,36,Musician,62,240
487,Duto,Male,95,23,Barbarian,33,172
458,Glime,Male,112,40,Monk,42,196
489,Glaba,Male,108,30,Animal,65,315
492,Golik,Male,96,42,Cooper,55,204
437,Thret,Male,81,46,Chirurgeon,51,210
491,Gremlim,Male,115,41,Miner,59,80
493,Thirlem,Male,88,44,Laborer,68,157
494,Fifren,Male,93,44,Aristocrat,62,234
495,Krafem,Male,88,13,Builder,56,368
497,Loig,Male,98,21,Musician,31,237
499,Gub,Male,102,25,Slaver,68,304
498,Throd,Male,92,26,Doctor,63,195
500,Grele,Male,88,47,Dictator,35,60
501,Glerur,Male,82,26,Necromancer,61,54
503,Krufrur,Male,114,39,Diviner,58,135
504,Gelur,Male,75,27,Lady,53,292
502,Khabik,Male,90,25,Counselor,31,363
496,Thoili,Male,81,14,Brick,67,161
507,Mheko,Male,115,40,Astrologer,65,134
506,Khuk,Male,111,25,Grocer,50,111
509,Brog,Male,85,16,Farmer,45,243
508,Fluk,Male,90,17,Concubine,69,339
511,Grandam,Male,110,33,Swordsman,59,52
510,Dwek,Male,112,21,Caravan,69,308
512,Dibak,Male,97,30,Jeweler,32,60
513,Dobak,Male,115,12,Wrestler,60,299
514,Tondum,Male,108,39,Thief,61,75
516,Krak,Male,75,15,Courtesan,66,278
515,Dunder,Male,85,20,Chatelaine,69,374
518,Doit,Male,84,33,Charioteer,68,319
520,Glube,Male,74,27,Bricklayer,34,366
517,Frafo,Male,81,29,Maker,60,57
519,Globe,Male,96,46,Cooper,65,356
522,Gafrer,Male,105,18,Beggar,59,56
521,Branrin,Male,83,18,Barbarian,57,349
524,Thraler,Male,87,47,Writer,49,201
523,Lubor,Male,93,34,Clerk,33,279
525,Brosen,Male,118,45,Gardener,58,303
527,Keg,Male,77,33,Baker,50,382
526,Gof,Male,119,18,Miner,58,282
505,Thindik,Male,70,14,Builder,63,266
530,Krek,Male,116,41,Infantryman,56,104
528,Moigi,Male,74,29,Galley,43,197
531,Bamar,Male,97,42,Gladiator,58,131
462,Kusrum,Male,80,40,Jongleur,31,177
529,Dob,Male,93,13,Courtier,54,239
535,Frarlun,Male,110,12,King,43,387
534,Girvin,Male,115,26,Chieftain,45,308
536,Gret,Male,70,39,Galley,43,327
538,Bofi,Male,107,42,Painter,40,380
537,Dwoido,Male,107,46,Bookseller,37,163
539,Grima,Male,73,41,Archivist,57,346
540,Broke,Male,94,48,Actor,65,195
542,Dramrir,Male,107,16,Banker,42,99
541,Gresron,Male,78,49,Lady,49,118
543,Fandon,Male,75,27,Geisha,44,349
546,Duk,Male,75,15,Advocate,47,283
533,Lufik,Male,108,11,Barmaid,64,334
544,Mhalren,Male,104,30,Distiller,37,204
545,Fesruk,Male,117,49,Geisha,49,371
548,Khof,Male,87,32,Knight,58,227
547,Threka,Male,119,47,Copyist,35,297
549,Draib,Male,83,49,Maker,57,137
551,Gemran,Male,87,13,Animal,47,275
552,Desrak,Male,118,34,Courtesan,62,373
490,Komi,Male,115,36,Brewer,39,259
553,Defan,Male,100,43,Swordsman,66,290
555,Thorvam,Male,81,48,Artist,54,267
556,Krok,Male,91,10,Emperor,46,92
557,Grata,Male,94,19,Swordsman,32,377
559,Koido,Male,119,46,Courtesan,41,383
558,Ledi,Male,75,19,Slave,45,247
561,Grosrar,Male,71,10,Merchant,61,73
560,Khudi,Male,81,16,Clerk,40,123
563,Kalon,Male,103,43,Groom,60,270
565,Derlem,Male,90,42,Blacksmith,31,126
564,Dwamlen,Male,75,40,Beggar,35,196
562,Fesrun,Male,116,18,Innkeeper,65,380
566,Flul,Male,97,22,Barmaid,60,318
567,Dwain,Male,106,32,Chirurgeon,64,336
568,Flodo,Male,89,42,Cook,56,281
569,Debe,Male,76,18,Barbarian,30,275
570,Gledi,Male,83,20,Student,65,51
572,Glofrar,Male,105,11,Dancer,50,204
571,Frafer,Male,114,10,Cooper,67,87
573,Lerum,Male,113,28,Maker,44,252
574,Brasar,Male,75,31,Butcher,40,147
577,Bam,Male,91,12,Ranger,65,80
575,Gufran,Male,92,21,Handler,61,246
578,Kroida,Male,85,42,Lady,54,343
554,Glanrem,Male,108,22,Barbarian,61,364
532,Bifram,Male,111,11,Fighter,68,286
579,Like,Male,108,49,Infantryman,53,208
582,Nemrok,Male,111,45,Commander,45,131
581,Dwirom,Male,86,14,Bricklayer,46,54
584,Grirur,Male,95,27,Bard,54,232
583,Turlum,Male,84,35,Cartographer,59,163
585,Gamlor,Male,114,38,Clock,69,70
580,Mut,Male,95,49,Guardsman,40,128
550,Boki,Male,90,41,Brick,31,109
588,Drigo,Male,115,22,Buckle,55,130
589,Nail,Male,73,45,Lord,63,352
586,Faiba,Male,110,33,Explorer,47,295
591,Dumlor,Male,76,34,Diplomat,46,218
593,Dribor,Male,97,40,Domestic,69,376
592,Flembik,Male,71,21,Clock,38,382
594,Glolrok,Male,115,33,Nurse,55,129
595,Flimrin,Male,87,19,Chef,59,217
596,Laime,Male,71,32,Innkeeper,54,148
590,Mheni,Male,86,22,Doctor,68,167
598,Drifa,Male,102,27,Costermonger,50,61
587,Dibo,Male,113,14,Counselor,32,202
602,Dwirbok,Male,111,32,Explorer,49,289
600,Loilu,Male,113,47,Counselor,67,101
601,Khasren,Male,98,20,Artist,44,178
603,Bumran,Male,100,29,Guildmaster,68,340
606,Khaibe,Male,100,41,Animal,50,380
576,Thula,Male,76,38,Fishmonger,58,70
604,Dwumik,Male,90,13,Clothworker,61,235
608,Koika,Male,72,49,Queen,32,104
607,Greko,Male,100,22,Gladiator,32,326
610,Duku,Male,92,29,Banker,68,319
609,Kuk,Male,89,28,Barbarian,42,117
612,Dwafrek,Male,84,45,Wrestler,65,305
611,Dworbir,Male,75,44,Minister,68,343
613,Desror,Male,101,10,Wrestler,62,315
615,Mhimbin,Male,109,36,Guildmaster,47,93
616,Nok,Male,100,23,General,39,253
597,Gloiga,Male,98,41,Builder,34,227
599,Gloif,Male,105,49,Cutler,35,313
619,Boidu,Male,116,13,Artist,48,160
605,Tusrin,Male,94,31,Concubine,35,57
618,Kofi,Male,99,31,Fighter,33,239
621,Brirvum,Male,82,23,Guardsman,56,178
622,Krurak,Male,75,35,Buckle,55,336
624,Bamrom,Male,89,37,Beekeeper,49,346
623,Drombun,Male,74,15,Chatelaine,33,263
626,Groil,Male,73,30,Boatman,40,240
625,Gremik,Male,115,33,Leader,35,380
627,Thrama,Male,104,37,Minister,30,163
628,Fuba,Male,110,49,Baker,66,319
630,Dwid,Male,117,24,Guildmaster,49,260
629,Ged,Male,101,38,Actor,39,125
631,Nolok,Male,95,23,Brigand,55,139
633,Frolbam,Male,106,44,Courtesan,50,144
632,Durek,Male,103,34,Musician,41,246
634,Gamur,Male,107,24,Painter,45,156
636,Throilo,Male,101,34,Brick,35,219
635,Defem,Male,114,36,Maker,56,281
638,Mhek,Male,82,46,Concubine,62,236
637,Koli,Male,85,47,Clothworker,55,224
640,Toik,Male,75,33,Thief,68,63
639,Droime,Male,100,12,Fishmonger,47,103
641,Girin,Male,98,23,Clergyman,45,277
642,Kromrar,Male,78,11,Beggar,66,208
643,Larlak,Male,110,22,Cowherd,34,156
645,Dabir,Male,106,19,Handler,53,212
644,Flofren,Male,119,43,Barkeep,62,59
647,Flofe,Male,74,30,Archivist,41,111
646,Thran,Male,88,12,Courtier,34,169
648,Floile,Male,103,24,Dairymaid,53,239
650,Dwuba,Male,95,21,Animal,67,247
649,Mhoin,Male,83,32,Jeweler,62,201
652,Glombam,Male,112,34,Slave,33,239
651,Bumlun,Male,111,33,Guardsman,41,106
653,Flindok,Male,81,25,Clothworker,61,215
655,Brufok,Male,111,20,Cobbler,33,209
654,Gusror,Male,96,34,Artisan,54,129
656,Khelo,Male,110,44,Diviner,68,161
657,Fige,Male,93,41,Interpreter,62,307
659,Thoit,Male,85,46,Nurse,46,280
658,Kreka,Male,112,28,Pirate,59,247
661,Frirun,Male,87,12,Courtesan,64,325
620,Dwelu,Male,102,47,Guardsman,68,129
662,Frefok,Male,103,25,Fisherman,34,322
663,Nimen,Male,90,48,King,44,158
665,Gralbik,Male,101,43,Archer,34,216
666,Fruku,Male,85,20,Thief,32,129
664,Nefen,Male,71,32,Bard,30,197
667,Nam,Male,101,35,Cobbler,41,338
660,Kren,Male,70,26,Clerk,35,382
614,Kosrin,Male,104,46,Keeper,34,202
670,Dila,Male,97,29,King,47,324
671,Krabak,Male,86,24,General,33,89
672,Gralvun,Male,84,23,Archivist,68,166
673,Mhunrun,Male,76,39,Leader,52,383
674,Molrok,Male,79,23,Merchant,41,142
675,Fofram,Male,85,17,Distiller,37,324
676,Dwilo,Male,77,19,Apothecary,59,262
677,Drobe,Male,115,31,Aristocrat,46,76
680,Mef,Male,89,23,Torturer,51,185
678,Def,Male,116,31,Goldsmith,60,370
681,Terbir,Male,111,48,Cutler,44,313
679,Mhen,Male,78,38,Buckle,58,113
668,Liko,Male,91,47,Seller,54,140
617,Moit,Male,75,23,Aristocrat,52,136
684,Dirler,Male,106,30,Architect,55,320
685,Mheran,Male,102,41,Architect,31,217
686,Kal,Male,89,41,Brigand,58,212
688,Gredi,Male,102,13,Goldsmith,60,326
687,Noge,Male,94,22,Slaver,67,250
689,Frod,Male,82,25,Guildmaster,38,359
669,Foig,Male,93,33,Bricklayer,67,366
690,Dube,Male,105,25,Cook,33,280
692,Khombur,Male,104,49,Astrologer,40,246
693,Mhembem,Male,95,15,Slave,63,136
683,Folbik,Male,96,20,Copyist,62,359
682,Dranren,Male,77,17,Cartographer,69,254
695,Glulrom,Male,88,18,Maker,46,368
697,Mhoila,Male,83,39,Cobbler,63,302
694,Thrunim,Male,81,32,Monk,67,307
698,Kum,Male,86,15,Fishmonger,39,261
701,Grenrur,Male,104,49,Monk,55,184
700,Droit,Male,107,33,Guardsman,42,359
696,Dweni,Male,84,32,Infantryman,43,234
703,Morun,Male,73,17,Copyist,38,242
705,Flufren,Male,99,42,Courtier,36,98
704,Krumem,Male,81,40,Soldier,48,289
706,Droil,Male,101,40,Groom,31,180
707,Frot,Male,78,14,Charioteer,41,360
709,Frebi,Male,74,31,Doctor,31,364
708,Mala,Male,88,31,Bricklayer,35,193
710,Gob,Male,106,14,Teamster,33,296
712,Grofren,Male,110,21,Clergyman,56,374
713,Flisrok,Male,107,23,Charioteer,44,52
699,Gak,Male,107,44,Armorer,35,195
691,Mhusrum,Male,115,48,Beer,46,292
716,Grud,Male,78,37,Buckle,55,323
715,Frusren,Male,85,30,Swordsman,41,175
717,Tuki,Male,93,24,Brewer,40,198
714,Glarver,Male,101,34,Chirurgeon,50,73
702,Glamrok,Male,88,15,Explorer,31,315
720,Gib,Male,71,26,Costermonger,61,350
721,Flobur,Male,86,26,Fighter,37,205
722,Frenrun,Male,77,40,Distiller,31,280
724,Khalbor,Male,70,36,Actor,37,184
711,Khemlor,Male,95,22,Charioteer,57,348
723,Drerbik,Male,118,31,Clergyman,40,212
725,Flurvok,Male,110,15,Diver,59,244
727,Groitu,Male,89,41,Clergyman,45,264
728,Thraid,Male,95,34,Keeper,60,95
730,Grif,Male,106,23,Knight,41,116
729,Belo,Male,106,40,Monk,50,60
726,Kami,Male,100,17,Dairymaid,65,364
733,Khoruk,Male,87,12,Caravan,39,261
734,Grulbik,Male,73,35,Counselor,67,204
732,Dwervek,Male,113,27,Pirate,37,291
735,Grurlim,Male,74,18,Judge,40,240
736,Lufe,Male,71,34,Slave,43,301
738,Kabi,Male,115,32,Geisha,42,79
737,Thel,Male,89,12,Baker,32,229
739,Threna,Male,107,38,Nurse,47,199
740,Madi,Male,82,29,Actor,38,115
741,Tefrok,Male,75,18,Infantryman,52,179
742,Nanon,Male,87,18,Miner,54,101
745,Gramum,Male,91,40,Student,64,141
743,Brifun,Male,97,10,Artisan,58,305
719,Brik,Male,119,41,Musician,53,92
731,Menir,Male,91,14,Inventor,61,149
747,Dam,Male,73,14,Student,64,130
748,Krim,Male,87,33,Slave,47,255
749,Graka,Male,80,46,Merchant,33,157
746,Dato,Male,71,24,Torturer,46,324
751,Gromir,Male,115,49,Apothecary,65,269
750,Lami,Male,113,40,Guildmaster,68,199
718,Gruki,Male,102,19,Chieftain,60,268
756,Baim,Male,99,18,Brigand,38,178
753,Throfren,Male,72,18,Chef,44,365
754,Frubon,Male,105,29,Copyist,62,233
758,Lafa,Male,73,13,Crossbowman,46,251
757,Thudu,Male,94,38,Leader,42,177
760,Drab,Male,80,46,Chef,47,188
762,Flesar,Male,94,14,Alchemist,35,301
761,Flifik,Male,109,41,Courtesan,57,173
759,Thref,Male,113,43,Carpenter,61,84
763,Krafan,Male,88,35,Student,39,305
755,Mhalvok,Male,103,43,Smith,63,318
765,Tharom,Male,118,41,Concubine,65,282
766,Gaimu,Male,74,49,Brothel,66,324
767,Gainu,Male,100,44,Maker,56,261
768,Khoimi,Male,100,22,Ranger,42,103
769,Druko,Male,93,16,Aristocrat,33,50
770,Thon,Male,111,25,Armorer,53,268
771,Grufir,Male,77,15,Barber,60,369
772,Thafek,Male,100,32,Seller,33,86
773,Brefrir,Male,113,48,Necromancer,30,147
775,Krelren,Male,91,34,Philosopher,50,120
774,Khibek,Male,86,35,Laborer,55,271
777,Dwug,Male,74,32,Chandler,67,291
776,Grailo,Male,76,33,Servant,42,396
778,Grig,Male,75,21,Fighter,34,124
779,Fleta,Male,96,12,Teamster,67,221
780,Gloigi,Male,72,20,Monk,38,289
781,Flambon,Male,75,19,Pirate,50,384
783,Throbur,Male,102,42,Butcher,38,167
782,Gamlem,Male,88,24,Dancer,67,135
784,Lolbur,Male,83,36,Brigand,48,68
785,Nindin,Male,97,35,Ranger,44,55
786,Loki,Male,80,29,Servant,38,364
787,Mhom,Male,92,28,Student,52,351
789,Baid,Male,72,27,Maker,52,300
788,Doiba,Male,81,31,Teamster,49,147
752,Theber,Male,76,25,Knight,62,66
791,Limbum,Male,119,47,Diplomat,49,335
792,Bronuk,Male,73,12,Teamster,67,168
794,Thalban,Male,80,18,Chirurgeon,31,169
793,Mefror,Male,95,32,Interpreter,60,294
795,Krumum,Male,105,40,Swordsman,49,258
797,Grido,Male,94,29,Farmer,30,283
796,Kig,Male,97,43,Maker,32,147
764,Brilrek,Male,104,19,Doctor,69,120
799,Mhoifo,Male,78,46,Explorer,45,222
798,Khegu,Male,105,41,Pirate,48,127
800,Keg,Male,106,22,Beekeeper,32,394
803,Bomrem,Male,75,25,Charioteer,57,261
802,Bandar,Male,113,44,Crossbowman,64,355
804,Nunrom,Male,113,31,Student,55,205
806,Khail,Male,89,17,Jeweler,46,377
805,Norluk,Male,89,38,Cartographer,67,376
807,Bram,Male,87,25,Cutler,55,254
809,Dwul,Male,74,46,Footman,45,317
744,Bilbar,Male,96,35,Thief,40,79
811,Dwumbum,Male,110,29,Merchant,66,214
810,Loita,Male,81,19,Bricklayer,45,90
808,Diba,Male,87,27,Grocer,56,218
812,Flolrak,Male,105,19,Brewer,68,392
816,Throime,Male,88,33,Baker,35,370
814,Thimbor,Male,77,35,Barmaid,47,95
817,Kriko,Male,102,40,Lord,42,87
815,Dulim,Male,113,30,Chef,50,371
813,Krulbik,Male,113,49,Cutler,33,128
790,Flef,Male,78,26,Merchant,51,341
821,Mholrok,Male,85,25,Philosopher,66,148
820,Mhili,Male,87,15,Minister,57,382
822,Dambom,Male,98,19,Jongleur,30,138
823,Tarbor,Male,107,19,Writer,43,207
824,Dindur,Male,94,14,Barmaid,53,395
825,Fralvek,Male,119,48,Guildmaster,68,350
827,God,Male,108,44,Bard,68,93
819,Titu,Male,78,43,Handler,30,105
818,Dribe,Male,110,44,Beggar,46,60
826,Dwoinu,Male,111,39,Fisherman,38,253
831,Nosam,Male,103,14,Merchant,55,292
830,Dwatu,Male,112,36,Animal,55,184
829,Frede,Male,116,46,Torturer,69,96
832,Brondir,Male,98,30,Astrologer,49,198
834,Thurlan,Male,117,47,Barmaid,52,267
828,Droiga,Male,74,36,Actor,41,308
835,Frorlem,Male,108,33,Chandler,68,296
838,Kreti,Male,93,13,Domestic,56,138
837,Frail,Male,101,38,Beggar,31,151
839,Gaidu,Male,92,38,Cartographer,47,55
840,Threme,Male,73,17,Banker,45,221
841,Flurbum,Male,114,47,Daimyo,36,220
833,Flulvom,Male,111,25,King,66,87
842,Milbak,Male,100,49,Interpreter,53,362
844,Brumlik,Male,105,45,Diviner,32,58
845,Tilrum,Male,91,39,Chirurgeon,62,128
836,Kuda,Male,71,18,General,38,379
843,Dwemrik,Male,115,13,Barber,41,278
849,Khino,Male,106,38,Alchemist,63,191
848,Grug,Male,74,44,Architect,64,292
847,Faim,Male,78,49,Soldier,33,131
851,Krumur,Male,84,24,Explorer,32,319
852,Glondek,Male,98,41,Galley,39,197
853,Fulrer,Male,78,34,Cartographer,35,354
850,Frait,Male,85,41,Barkeep,35,102
846,Nug,Male,94,38,Cartographer,31,388
857,Froiki,Male,118,28,Apothecary,58,383
856,Draili,Male,119,28,Crossbowman,47,231
858,Dwoiga,Male,92,28,Copyist,53,51
859,Dilu,Male,100,20,Cook,64,166
860,Flig,Male,89,41,Charioteer,58,191
861,Dwasem,Male,105,29,Painter,36,380
863,Krurbok,Male,95,22,Painter,58,61
864,Bufror,Male,88,19,Galley,49,73
862,Kambun,Male,102,11,Necromancer,69,397
866,Kruke,Male,90,40,Slaver,51,114
865,Brindok,Male,86,13,Astrologer,57,241
867,Kok,Male,111,31,Clergyman,62,79
868,Kefu,Male,88,13,Innkeeper,56,175
869,Tofa,Male,116,37,Daimyo,63,330
870,Def,Male,71,31,Armorer,43,367
871,Kilbuk,Male,107,33,Beer,52,392
872,Drenor,Male,88,10,Crossbowman,66,84
873,Krefin,Male,90,11,Concubine,62,76
875,Brasrim,Male,109,42,Chef,32,211
874,Dwosin,Male,96,17,Barkeep,43,320
876,Tiba,Male,107,45,Musician,34,103
877,Mhon,Male,78,19,Dairymaid,64,326
854,Gifrim,Male,106,38,Clergyman,41,111
880,Gal,Male,79,20,Copyist,66,276
801,Glafrek,Male,87,22,Teamster,66,309
882,Kirvek,Male,70,12,Servant,47,95
881,Threfrim,Male,102,28,Emperor,51,78
883,Khunden,Male,90,49,Merchant,31,237
885,Mhulvuk,Male,110,47,Philosopher,66,75
884,Glamrom,Male,78,37,Counselor,43,217
878,Brun,Male,94,19,Cutler,38,214
887,Fuk,Male,80,33,Beer,58,257
889,Mhef,Male,116,13,Beekeeper,53,181
888,Lef,Male,70,42,Emperor,35,224
879,Krona,Male,71,30,Beekeeper,31,83
891,Dwumor,Male,108,14,Cooper,31,232
890,Daid,Male,72,16,Baker,44,377
892,Fuler,Male,89,48,Beekeeper,64,83
894,Drelon,Male,99,17,Teacher,37,293
893,Dalvek,Male,93,33,Chandler,60,203
896,Glibo,Male,109,25,Slave,51,95
895,Drafom,Male,116,44,Teacher,63,239
897,Khiti,Male,105,14,Merchant,35,291
898,Flaibe,Male,79,33,Emperor,44,198
901,Khonren,Male,111,21,Brick,33,206
900,Groig,Male,111,18,Apothecary,42,254
903,Kranran,Male,114,39,Archer,42,100
902,Flulen,Male,84,10,Messenger,31,220
904,Grirur,Male,79,23,Maker,55,231
906,Glaima,Male,112,17,Minister,61,214
905,Brerbur,Male,77,29,Minstrel,55,285
907,Fif,Male,83,44,Torturer,57,75
908,Broim,Male,73,44,Dancer,34,90
910,Noil,Male,72,15,Courtesan,31,183
909,Mhika,Male,79,18,Pirate,57,245
911,Leror,Male,85,28,Geisha,38,250
913,Khirlen,Male,81,33,General,59,204
914,Nafur,Male,78,29,Cooper,51,238
912,Tharlir,Male,114,30,Maker,58,318
915,Bufam,Male,112,29,Smith,58,346
917,Thrait,Male,82,30,Minister,62,274
916,Moimi,Male,80,38,Fisherman,40,204
855,Kilbam,Male,89,32,Astrologer,61,292
918,Draku,Male,108,21,Chatelaine,69,50
921,Bemban,Male,101,33,Handler,63,301
922,Mhenrak,Male,91,19,Carpenter,32,263
920,Goim,Male,83,14,Advocate,45,234
923,Bofrom,Male,102,49,Jeweler,66,77
925,Nemun,Male,79,49,Cartographer,60,98
924,Grobun,Male,85,44,King,53,355
927,Fraiti,Male,105,16,Merchant,56,360
928,Gregu,Male,75,28,Clergyman,41,308
926,Mebo,Male,82,11,Swordsman,69,185
886,Glogu,Male,81,12,Carpenter,57,168
931,Lirlen,Male,113,30,Fighter,63,289
929,Glaku,Male,110,11,Beggar,57,335
933,Dwembam,Male,108,34,Kitchen,48,119
932,Malbur,Male,100,25,Courtesan,51,167
934,Glurar,Male,71,41,Servant,66,178
935,Monrek,Male,81,39,Maker,49,337
937,Ged,Male,87,40,Bard,53,93
919,Lebe,Male,117,37,Charioteer,49,273
938,Draigi,Male,71,35,Minstrel,63,319
939,Thig,Male,90,29,Judge,67,164
940,Groita,Male,100,17,Teacher,55,73
941,Flomber,Male,94,48,Gladiator,47,144
943,Khinrar,Male,107,27,Boatman,57,191
942,Mholin,Male,102,40,Carpenter,57,79
944,Mofran,Male,82,23,Gardener,32,59
946,Khaim,Male,114,27,Advocate,63,170
899,Glati,Male,72,46,Clerk,61,81
945,Threner,Male,90,42,Nurse,62,249
948,Flafe,Male,87,10,Armorer,34,160
950,Bet,Male,89,40,Doctor,33,244
949,Dwedu,Male,109,10,Necromancer,52,209
951,Mhendok,Male,93,40,Copyist,50,252
952,Glimor,Male,89,19,Armorer,44,365
954,Drumrir,Male,111,21,Seller,47,185
953,Thamur,Male,91,28,Monk,52,244
955,Dwesrem,Male,94,25,Advocate,30,317
957,Gat,Male,119,24,Barkeep,49,223
956,Fam,Male,87,19,Cartographer,46,57
936,Kain,Male,95,45,Caravan,39,154
947,Khaib,Male,88,43,Clothworker,57,214
958,Thrait,Male,109,10,Fisherman,39,126
962,Glosrak,Male,115,26,Gladiator,34,292
961,Flulrer,Male,88,34,Diviner,47,153
963,Miluk,Male,108,29,Aristocrat,46,313
959,Kraibe,Male,98,23,Clergyman,52,115
965,Kufrar,Male,85,21,Copyist,51,288
930,Drin,Male,82,24,Fishmonger,41,336
960,Gel,Male,114,15,Astrologer,42,150
964,Lunem,Male,116,16,Clerk,34,384
969,Dwaik,Male,102,44,Gladiator,33,334
971,Glumbak,Male,78,25,Farmer,47,112
970,Tul,Male,113,11,Chef,56,108
972,Tulvun,Male,90,24,Artist,32,271
966,Gluto,Male,98,49,Ranger,54,63
973,Tomram,Male,74,14,Brick,61,140
974,Flufum,Male,85,34,Emperor,37,150
976,Faili,Male,100,27,Fishmonger,42,181
978,Mut,Male,116,37,King,55,357
979,Fibi,Male,100,12,Handler,31,129
977,Mhoin,Male,105,20,Jeweler,41,209
981,Berlon,Male,74,32,Jongleur,48,374
975,Brafrem,Male,79,42,Jongleur,53,86
983,Thrombem,Male,111,40,Bookseller,37,380
982,Thrinan,Male,77,46,Cowherd,32,347
984,Merbam,Male,107,20,Minstrel,41,306
967,Bob,Male,96,23,Chatelaine,31,349
986,Dwifu,Male,114,44,Counselor,35,242
985,Kimrur,Male,94,26,Fighter,68,95
990,Kraif,Male,119,31,Leader,58,220
968,Kil,Male,79,27,Fighter,51,50
989,Drib,Male,116,37,Clock,43,64
988,Lek,Male,78,19,Butcher,69,147
993,Mhalom,Male,101,35,Minstrel,58,164
980,Guko,Male,110,34,Guardsman,37,62
994,Thrifam,Male,89,45,King,47,180
996,Flaf,Male,119,40,Cowherd,42,280
995,Namlur,Male,101,14,Geisha,31,267
997,Khefi,Male,75,18,Diviner,43,169
987,Grud,Male,76,33,Domestic,55,246
998,Khumu,Male,113,41,Smith,56,284
1000,Nalo,Male,108,36,Maker,41,118
1003,Gilbor,Male,90,42,Kitchen,30,236
1001,Drolber,Male,107,46,Archer,55,186
991,Gusen,Male,86,24,Leader,42,368
999,Threlu,Male,70,10,Animal,35,235
1006,Frol,Male,76,46,Handler,40,109
1007,Framu,Male,113,19,General,45,152
1004,Glembuk,Male,96,24,Inventor,48,396
1002,Thrarlan,Male,106,25,Courtesan,57,250
1005,Thibam,Male,104,48,Monk,53,256
992,Drabin,Male,96,37,Monk,50,393
1009,Thet,Male,70,12,Dictator,53,147
1008,Kroik,Male,97,42,Interpreter,57,212
1010,Thrug,Male,111,22,Guildmaster,31,266
1014,Flamrums,Female,97,43,Philosopher,64,323
1012,Dobiks,Female,109,46,Torturer,40,293
1015,Framriks,Female,97,47,Soldier,32,63
1016,Nafs,Female,98,41,Farmer,39,369
1011,Gremlims,Female,115,24,Emperor,58,203
1020,Lofos,Female,89,16,Knight,48,214
1021,Kerbuns,Female,78,15,Inventor,55,221
1019,Khulas,Female,112,28,Thief,37,170
1022,Dwundans,Female,113,24,Merchant,46,88
1023,Karbers,Female,85,16,Lady,47,273
1013,Frulams,Female,117,43,Daimyo,67,320
1025,Nofriks,Female,81,23,Torturer,67,116
1026,Thans,Female,103,11,Thief,59,346
1027,Kudus,Female,85,10,Artisan,58,244
1028,Koits,Female,78,21,Chandler,60,325
1030,Mhudus,Female,77,34,Domestic,62,208
1029,Tagus,Female,118,18,Groom,42,349
1031,Tirvaks,Female,73,35,Jongleur,34,86
1032,Kinrirs,Female,89,45,Student,42,98
1033,Framrens,Female,118,32,Innkeeper,37,239
1034,Fubuns,Female,102,29,Judge,62,257
1035,Thrirluks,Female,72,39,Diviner,43,107
1018,Flades,Female,84,30,Interpreter,65,223
1036,Faitos,Female,115,45,Infantryman,47,338
1038,Kroidas,Female,110,45,Clergyman,53,214
1039,Geds,Female,111,16,Teamster,53,67
1017,Thubus,Female,90,28,Keeper,51,118
1040,Brulos,Female,88,24,Merchant,69,165
1043,Glifrems,Female,107,47,Diver,31,297
1042,Krobors,Female,98,44,Bookseller,37,302
1041,Fervars,Female,84,40,Cowherd,40,63
1044,Momans,Female,115,30,Alchemist,61,251
1046,Draims,Female,80,15,Counselor,39,97
1024,Namrurs,Female,118,16,Seller,33,208
1048,Flutos,Female,100,46,Torturer,61,108
1050,Kidus,Female,108,23,Wrestler,57,377
1047,Fraks,Female,113,36,Baker,60,333
1051,Groluns,Female,85,29,Lady,30,342
1045,Frobeks,Female,119,24,Slaver,67,399
1053,Kramlons,Female,103,33,Distiller,40,305
1054,Mamloms,Female,80,40,Bookbinder,60,283
1056,Frailos,Female,102,17,Laborer,37,95
1055,Kolvims,Female,101,27,Brothel,33,147
1057,Kraimis,Female,111,24,Archer,62,92
1052,Flofrirs,Female,73,16,Geisha,64,54
1060,Mhutes,Female,112,42,Knight,50,368
1058,Neds,Female,118,41,Interpreter,54,164
1061,Thumbeks,Female,78,43,Courtesan,42,368
1059,Griks,Female,82,48,Bard,53,88
1063,Khandams,Female,94,49,Advocate,68,177
1064,Brirvams,Female,76,35,Gladiator,62,206
1065,Kemrems,Female,76,40,Farmer,38,68
1068,Glakus,Female,100,10,Philosopher,48,102
1066,Dunas,Female,91,14,Pirate,39,227
1069,Khenes,Female,71,43,Astrologer,30,259
1067,Glebs,Female,78,11,Seller,47,369
1070,Tuds,Female,78,23,Clerk,68,85
1049,Toigis,Female,116,48,Interpreter,69,268
1074,Kholvems,Female,116,48,Queen,38,177
1072,Branrams,Female,76,44,Buckle,34,334
1071,Musurs,Female,79,22,Cutler,34,222
1037,Doits,Female,104,35,Writer,48,255
1077,Maimes,Female,112,27,Teamster,34,246
1078,Baids,Female,70,31,Beer,44,286
1062,Brandiks,Female,116,14,Knight,44,92
1076,Graits,Female,116,14,General,35,199
1081,Krufrins,Female,117,48,Crossbowman,57,392
1080,Tebs,Female,119,30,Minstrel,57,290
1082,Bramrars,Female,86,41,Beekeeper,38,203
1083,Komboms,Female,97,18,Maker,58,141
1084,Krinrems,Female,93,28,Necromancer,32,301
1086,Maidos,Female,89,14,Teacher,64,316
1085,Dinuks,Female,73,18,Guildmaster,47,146
1089,Thrufas,Female,84,48,Buckle,69,191
1087,Benas,Female,96,40,Carpenter,53,261
1088,Fraits,Female,107,21,Laborer,67,382
1090,Dimis,Female,84,23,Distiller,62,262
1091,Gondims,Female,93,40,Artist,48,98
1092,Brolbams,Female,89,26,Barkeep,53,183
1093,Khurans,Female,86,47,Teacher,52,272
1095,Nurbins,Female,95,11,Archer,67,316
1075,Gumrums,Female,70,28,Bricklayer,46,84
1096,Brugos,Female,106,23,Clerk,67,304
1098,Genis,Female,102,18,Interpreter,60,61
1097,Nods,Female,74,45,Footman,52,356
1099,Geds,Female,99,38,Messenger,58,240
1100,Fubs,Female,98,32,Smith,60,119
1101,Gulers,Female,82,18,Daimyo,57,175
1102,Thrulboks,Female,110,45,Maker,46,121
1103,Norleks,Female,113,11,Guardsman,69,358
1104,Khasaks,Female,108,35,Diplomat,49,186
1107,Lofs,Female,91,48,Concubine,48,378
1105,Krumlors,Female,109,14,Groom,61,112
1108,Thuls,Female,93,25,Animal,53,172
1073,Froluns,Female,119,22,Bookbinder,38,273
1109,Thokis,Female,105,48,Slave,41,375
1112,Throrvams,Female,70,13,Daimyo,47,299
1110,Foikos,Female,93,28,Copyist,61,235
1106,Thegs,Female,104,37,Baker,57,302
1111,Brimrurs,Female,118,22,Teacher,35,116
1115,Glurbums,Female,91,12,Laborer,49,84
1114,Beraks,Female,75,21,Laborer,33,114
1117,Dets,Female,70,10,Ranger,46,283
1116,Mofes,Female,85,39,Teamster,59,83
1118,Gloims,Female,77,18,Kitchen,48,110
1120,Broifis,Female,112,30,Clergyman,50,74
1119,Naites,Female,98,33,Courtier,54,283
1121,Mefans,Female,97,44,Apothecary,50,353
1094,Gifams,Female,84,35,Cook,48,102
1079,Draiks,Female,72,27,Courtesan,33,123
1125,Manrums,Female,88,22,Doctor,55,333
1124,Tesruns,Female,78,48,Clothworker,64,247
1126,Thums,Female,82,24,Fishmonger,30,240
1128,Boidus,Female,118,32,Minister,34,130
1127,Bols,Female,115,13,Beer,48,204
1129,Thenes,Female,83,18,Laborer,63,311
1130,Flanes,Female,92,28,Chef,64,90
1131,Grurbors,Female,82,26,Maker,44,170
1132,Flumlars,Female,104,18,Boatman,61,99
1133,Mhuframs,Female,80,30,Bard,35,361
1134,Drarbuns,Female,97,33,Aristocrat,63,52
1135,Mhemlens,Female,113,48,Barbarian,61,198
1137,Khoilis,Female,117,26,Groom,34,111
1136,Faikos,Female,75,37,Brigand,44,271
1139,Dweks,Female,94,26,Servant,37,350
1140,Kroiks,Female,115,34,Cooper,41,302
1141,Dwumruks,Female,80,37,Maker,42,348
1113,Nenroms,Female,82,32,Servant,55,254
1138,Khades,Female,85,38,Chieftain,56,390
1144,Glamloms,Female,101,26,Barbarian,64,352
1143,Khurbins,Female,118,45,Clerk,31,121
1145,Bondeks,Female,84,16,Daimyo,68,164
1146,Gibs,Female,89,35,Messenger,44,180
1147,Flibs,Female,119,41,Beekeeper,69,62
1148,Flabos,Female,101,28,Kitchen,64,193
1149,Niks,Female,82,42,Dancer,42,94
1151,Thrimrirs,Female,105,25,Artist,69,259
1122,Dwibars,Female,93,33,Handler,33,76
1150,Gafus,Female,112,37,Maker,62,270
1152,Frolbons,Female,116,42,Cooper,31,338
1154,Dunrans,Female,98,12,Clergyman,38,161
1156,Tones,Female,82,10,Teacher,53,205
1157,Dogus,Female,92,12,Nurse,36,296
1155,Fremuks,Female,86,32,Monk,47,337
1158,Graks,Female,72,46,Daimyo,38,384
1159,Tones,Female,80,27,Keeper,39,205
1161,Murveks,Female,76,19,Barmaid,30,67
1160,Brilas,Female,71,11,Doctor,33,57
1123,Mhelrars,Female,70,47,Dictator,54,81
1164,Mhisams,Female,81,27,Boatman,44,254
1163,Dromrors,Female,87,49,Soldier,37,117
1166,Drolas,Female,89,13,Distiller,38,279
1165,Fimiks,Female,80,46,Teacher,52,262
1167,Mhoiks,Female,72,45,Distiller,34,90
1168,Flados,Female,108,19,Actor,38,84
1170,Fats,Female,96,37,Servant,55,146
1169,Fugs,Female,113,32,Miner,39,59
1162,Khalvoms,Female,73,46,Domestic,30,352
1172,Brimbuns,Female,88,30,Fishmonger,31,133
1174,Delaks,Female,102,26,Bookbinder,33,390
1173,Flolrurs,Female,107,21,Clergyman,65,199
1175,Brumburs,Female,78,38,Distiller,69,239
1176,Kraigus,Female,95,18,Guildmaster,43,134
1177,Koibs,Female,76,42,Carpenter,52,383
1178,Brobes,Female,79,29,Student,46,385
1142,Khisruns,Female,83,17,Swordsman,43,368
1153,Fumbens,Female,91,30,Maker,39,341
1181,Khimlirs,Female,93,44,Chandler,36,291
1183,Kemlars,Female,104,23,Grocer,69,386
1179,Mhails,Female,73,35,Clerk,58,59
1184,Kasuks,Female,113,17,Astrologer,52,368
1185,Memrems,Female,95,39,Swordsman,64,318
1186,Kims,Female,117,41,Student,69,157
1187,Druds,Female,101,42,Interpreter,47,322
1171,Fimuns,Female,95,33,Emperor,41,342
1188,Grubos,Female,110,19,Daimyo,54,305
1190,Funis,Female,108,13,Alchemist,36,90
1191,Biriks,Female,103,28,Concubine,33,245
1182,Bremrurs,Female,77,23,Fighter,55,88
1194,Lamloms,Female,86,16,Merchant,48,148
1192,Bolbems,Female,89,37,General,54,317
1196,Glulus,Female,72,22,Blacksmith,35,319
1195,Folons,Female,90,38,Dancer,44,372
1197,Drikes,Female,70,49,Maker,62,228
1193,Moriks,Female,109,23,Footman,59,156
1200,Mekos,Female,118,11,Explorer,40,187
1199,Mhats,Female,103,22,Diplomat,54,110
1198,Grekus,Female,92,13,Dictator,37,383
1189,Defas,Female,76,21,Clerk,41,341
1204,Bemaks,Female,91,41,King,53,124
1203,Garveks,Female,101,14,Fighter,59,176
1180,Totus,Female,98,13,Domestic,30,187
1207,Gabs,Female,101,27,Dancer,50,105
1205,Breruks,Female,113,19,Guildmaster,67,304
1208,Gids,Female,82,24,Philosopher,31,68
1210,Drams,Female,113,45,Miner,60,341
1209,Frimas,Female,76,38,Necromancer,67,250
1211,Dumbors,Female,73,19,Beggar,38,178
1213,Krelburs,Female,91,24,Astrologer,54,272
1212,Drumloks,Female,118,43,Cobbler,52,164
1214,Krisreks,Female,116,46,Barbarian,39,155
1215,Flibims,Female,77,37,Emperor,68,304
1216,Thifs,Female,111,39,Seller,50,77
1217,Flalis,Female,90,26,Chef,47,99
1218,Khulis,Female,114,43,Buckle,33,225
1219,Glaines,Female,105,27,Cowherd,33,150
1220,Mailes,Female,101,14,Pirate,64,299
1221,Tolems,Female,70,45,Leader,69,275
1223,Throndiks,Female,93,26,General,60,378
1222,Thenoms,Female,119,29,Explorer,35,116
1224,Fofrems,Female,74,27,Beer,44,295
1225,Kifrors,Female,88,35,Nurse,46,279
1226,Drukos,Female,82,16,Dictator,44,301
1227,Loimas,Female,109,20,Monk,38,328
1228,Thrinas,Female,101,32,Armorer,35,268
1229,Grokos,Female,104,20,Infantryman,67,175
1230,Mefos,Female,99,10,Slaver,63,382
1206,Mhubis,Female,114,32,Teacher,47,100
1202,Thrindems,Female,80,48,Laborer,32,212
1232,Mhirloms,Female,108,31,Fisherman,42,196
1234,Noboks,Female,93,31,Barber,31,157
1235,Lefrens,Female,108,48,Distiller,38,241
1236,Mhoides,Female,104,44,Caravan,65,84
1238,Throlis,Female,91,10,Gladiator,37,172
1231,Lemruks,Female,114,22,Kitchen,47,76
1239,Fraimis,Female,97,31,Swordsman,32,385
1240,Laigs,Female,96,47,Groom,36,84
1237,Thons,Female,74,21,Laborer,52,349
1241,Nasims,Female,88,24,General,43,111
1242,Thrambiks,Female,77,11,Advocate,61,181
1244,Drenduks,Female,107,30,Armorer,47,60
1245,Mherbars,Female,109,35,Artist,51,52
1246,Lufs,Female,99,23,Barmaid,60,73
1247,Grodis,Female,113,20,Cooper,40,289
1248,Kabus,Female,91,48,Blacksmith,58,175
1249,Gledus,Female,91,19,Leader,42,346
1250,Flaidis,Female,77,23,Jeweler,33,107
1201,Flalruks,Female,110,23,Laborer,36,261
1252,Mhunrors,Female,93,37,Necromancer,61,73
1253,Krisraks,Female,113,22,Brewer,53,334
1254,Khusins,Female,71,39,Barber,43,201
1255,Korlans,Female,86,25,Groom,60,281
1257,Khals,Female,89,15,Swordsman,46,247
1256,Kalos,Female,92,21,Minister,51,85
1259,Belas,Female,73,25,Ranger,33,138
1258,Kaiks,Female,88,40,Messenger,65,58
1261,Gumlurs,Female,87,38,Chirurgeon,44,86
1262,Khindoms,Female,113,19,Writer,50,64
1243,Khanroms,Female,70,41,Costermonger,42,316
1260,Theks,Female,116,30,Advocate,48,159
1265,Frirlans,Female,96,12,Wrestler,58,72
1263,Kimbeks,Female,79,18,Painter,56,229
1233,Dromrors,Female,108,48,Distiller,41,155
1267,Krobis,Female,74,32,Diviner,51,275
1268,Dregus,Female,98,30,Slaver,53,96
1269,Groiges,Female,75,31,Beggar,39,163
1270,Drugs,Female,75,29,Cook,46,229
1264,Khomlams,Female,70,47,Swordsman,64,197
1272,Mandiks,Female,105,17,Clergyman,47,239
1273,Glulbors,Female,119,31,Apothecary,39,257
1274,Thrilums,Female,76,39,Smith,41,106
1275,Korbers,Female,104,22,General,31,292
1276,Draims,Female,82,25,Cook,67,65
1279,Bidas,Female,100,16,Dictator,50,334
1277,Dwenes,Female,100,44,Archer,38,302
1278,Naibs,Female,85,48,Diver,39,182
1280,Dwoigas,Female,79,23,Soldier,36,327
1281,Drifrans,Female,91,12,Butcher,48,360
1283,Gibums,Female,72,29,Courtesan,60,244
1284,Thurlaks,Female,89,41,Chatelaine,38,169
1282,Tifrurs,Female,114,39,Artisan,48,177
1285,Krenrums,Female,114,39,Doctor,61,229
1286,Glons,Female,70,40,Painter,36,323
1289,Foiks,Female,97,37,Beer,57,255
1287,Grilis,Female,92,39,Bricklayer,56,284
1290,Krines,Female,100,22,Cooper,68,323
1288,Dwigas,Female,105,35,Lord,52,381
1266,Drols,Female,88,46,Bookbinder,62,77
1291,Lusriks,Female,86,11,Guardsman,49,233
1293,Glilruks,Female,82,28,Armorer,63,167
1294,Kholrers,Female,115,28,Apothecary,38,370
1295,Gebems,Female,86,44,Apothecary,30,112
1296,Dits,Female,105,34,Armorer,35,133
1298,Grudas,Female,106,47,Baker,42,359
1297,Froilus,Female,115,15,Slaver,46,202
1299,Tits,Female,118,41,Interpreter,31,82
1300,Flufs,Female,72,41,Caravan,47,329
1301,Bamrirs,Female,80,23,Clock,56,265
1303,Glamins,Female,115,41,Distiller,50,375
1304,Muners,Female,70,11,Guardsman,54,134
1302,Mirors,Female,105,17,Copyist,61,366
1305,Glolvors,Female,110,34,Barkeep,60,286
1307,Drukas,Female,98,17,Doctor,39,234
1306,Khids,Female,88,48,Copyist,63,66
1292,Linors,Female,89,38,Swordsman,57,348
1310,Brainas,Female,71,20,Chieftain,31,143
1312,Tumboks,Female,83,11,Nurse,44,365
1308,Thads,Female,103,18,Keeper,36,219
1311,Nenders,Female,114,39,Chandler,58,107
1313,Driruks,Female,112,38,Doctor,67,50
1314,Mofons,Female,75,46,Barbarian,55,144
1315,Khomlurs,Female,90,21,Minstrel,47,164
1316,Bruls,Female,88,27,Maker,34,316
1318,Nifus,Female,98,17,Diver,45,380
1317,Frainos,Female,95,27,Servant,58,358
1319,Dwils,Female,73,12,Handler,59,388
1320,Brems,Female,100,12,Artisan,49,157
1321,Drimrons,Female,75,28,Carpenter,51,195
1323,Glunons,Female,87,40,Aristocrat,58,62
1322,Nirvoks,Female,76,10,Minstrel,36,357
1325,Grondems,Female,86,13,Torturer,44,247
1324,Larims,Female,81,40,Chandler,57,121
1326,Dwoikis,Female,118,25,Servant,59,340
1327,Fates,Female,75,47,Banker,40,298
1271,Thirlams,Female,111,11,Nurse,30,195
1328,Daitos,Female,88,46,Costermonger,60,340
1330,Laibos,Female,70,10,Brick,60,351
1331,Flervuks,Female,115,32,Cook,64,129
1332,Lofreks,Female,86,49,Barber,38,272
1333,Khirlams,Female,107,29,Bookseller,43,205
1334,Bomboks,Female,85,49,Kitchen,69,242
1309,Khuns,Female,97,22,Beekeeper,43,265
1335,Thirvors,Female,108,29,Actor,52,238
1337,Grumis,Female,116,26,Swordsman,58,104
1338,Grones,Female,80,29,Minstrel,46,106
1340,Glafas,Female,116,15,Queen,58,395
1339,Fromus,Female,94,36,Guardsman,50,238
1336,Munis,Female,109,21,Artisan,30,229
1343,Thefreks,Female,110,18,Barmaid,49,183
1342,Glebars,Female,102,45,Architect,41,182
1344,Fesers,Female,70,14,Thief,44,112
1345,Grerleks,Female,81,26,Queen,61,156
1346,Glils,Female,72,24,Apothecary,64,137
1347,Maides,Female,80,11,Daimyo,30,375
1349,Dwatis,Female,114,25,Clergyman,37,156
1348,Dunas,Female,112,10,Fishmonger,49,100
1350,Moitis,Female,78,28,Merchant,39,333
1352,Krombins,Female,106,15,Kitchen,43,271
1351,Menrors,Female,72,21,Chirurgeon,55,302
1354,Fulbuns,Female,70,26,Dictator,61,97
1353,Dondeks,Female,118,36,Thief,34,81
1356,Glainos,Female,103,46,Animal,46,353
1355,Mhulems,Female,117,16,Dairymaid,46,181
1357,Megas,Female,96,38,Courtier,48,241
1358,Braids,Female,110,15,Banker,32,121
1359,Flites,Female,98,32,Courtesan,37,241
1360,Thrages,Female,94,38,Necromancer,39,207
1362,Thoroks,Female,117,41,Galley,38,333
1251,Konars,Female,86,12,Soldier,65,109
1363,Dwurvuns,Female,94,35,Maker,51,92
1365,Tirlims,Female,117,43,Blacksmith,42,218
1364,Gilveks,Female,86,23,Pirate,61,93
1366,Mukus,Female,71,46,Domestic,53,216
1367,Khods,Female,74,28,Baker,30,270
1368,Titos,Female,111,17,Diviner,68,72
1329,Lugos,Female,88,47,Musician,46,74
1370,Baigus,Female,72,13,Charioteer,33,381
1361,Farams,Female,118,36,Handler,35,158
1371,Dwindars,Female,106,17,Miner,34,118
1374,Frilvons,Female,86,12,Merchant,39,189
1375,Krirvoms,Female,98,11,Miner,53,107
1372,Glendans,Female,84,19,Beer,35,158
1376,Mits,Female,80,32,Smith,65,368
1377,Fufas,Female,92,35,Interpreter,45,206
1378,Brins,Female,90,49,Teacher,55,348
1379,Begs,Female,96,25,Blacksmith,69,133
1380,Foifs,Female,71,49,Domestic,54,305
1381,Benons,Female,90,43,Clock,42,130
1382,Numbeks,Female,75,28,Handler,35,146
1384,Glunoks,Female,100,19,General,36,109
1383,Kumurs,Female,78,20,Grocer,48,331
1386,Bokos,Female,117,29,Goldsmith,31,86
1373,Mulvirs,Female,114,40,Gladiator,50,88
1387,Thraimus,Female,109,44,Knight,34,153
1388,Noimes,Female,118,28,Doctor,36,204
1391,Nimrins,Female,101,38,Brigand,47,210
1390,Krugis,Female,106,15,Servant,51,357
1341,Brimirs,Female,117,13,Archer,54,385
1392,Dwulvers,Female,73,23,Pirate,40,137
1394,Dorvens,Female,89,17,Counselor,62,171
1385,Drimroms,Female,89,39,Torturer,44,197
1396,Flates,Female,91,22,Wrestler,37,234
1395,Brenrems,Female,108,30,Clergyman,45,360
1398,Fels,Female,108,23,Necromancer,33,255
1397,Droimus,Female,92,44,Seller,58,360
1400,Thuls,Female,98,33,Kitchen,60,56
1401,Kinroms,Female,108,24,Lord,63,344
1399,Nainus,Female,73,21,Beer,65,128
1403,Khenrurs,Female,99,42,Galley,30,98
1402,Felrens,Female,74,48,Apothecary,38,332
1404,Ferbuns,Female,74,35,Minister,43,107
1406,Dredis,Female,76,16,Brick,52,323
1405,Kirlers,Female,92,27,Judge,38,297
1407,Lalos,Female,117,33,Fishmonger,32,109
1409,Fafes,Female,100,49,Caravan,34,311
1408,Tains,Female,107,11,Inventor,40,312
1410,Kuges,Female,80,49,Seller,57,217
1411,Frurbans,Female,92,47,Barber,42,248
1412,Krunriks,Female,115,18,Clerk,34,122
1413,Mharbaks,Female,84,47,General,31,180
1414,Bambuks,Female,115,31,Clothworker,57,152
1415,Dwendiks,Female,105,34,Merchant,47,76
1416,Boibos,Female,99,12,Grocer,52,284
1417,Dwikus,Female,99,10,Courtesan,36,306
1418,Mhoks,Female,98,29,Dairymaid,31,147
1419,Gribes,Female,112,47,Daimyo,67,157
1420,Kugs,Female,89,48,Brewer,37,258
1421,Dwilbaks,Female,107,37,Monk,62,61
1422,Kumlans,Female,75,38,Gardener,37,374
1423,Finirs,Female,79,40,Alchemist,51,85
1425,Lumlims,Female,104,39,Necromancer,37,399
1424,Khafens,Female,118,21,Brothel,37,378
1426,Flags,Female,98,17,Smith,41,84
1427,Thribs,Female,96,46,Emperor,62,370
1428,Bigis,Female,110,26,Merchant,69,157
1429,Taiges,Female,77,10,Cook,53,306
1431,Driloms,Female,91,12,Crossbowman,45,325
1433,Genrons,Female,93,16,Beekeeper,40,312
1430,Thraims,Female,76,25,Interpreter,39,119
1432,Nemrirs,Female,102,31,Pirate,61,83
1436,Grefs,Female,103,28,Brigand,44,86
1434,Glarlims,Female,79,47,Brigand,49,89
1435,Lefrurs,Female,96,24,Chef,55,207
1438,Throils,Female,70,15,Cooper,60,329
1437,Goifs,Female,90,32,Courtesan,43,359
1369,Toitos,Female,90,45,Bookbinder,43,363
1440,Nodos,Female,99,13,Copyist,36,258
1442,Nubuks,Female,82,16,Messenger,53,175
1441,Marams,Female,70,20,Dairymaid,34,386
1443,Thrasrans,Female,91,25,Inventor,65,293
1444,Thrimburs,Female,71,16,Butcher,32,192
1445,Nenoms,Female,95,13,Servant,61,399
1446,Gailes,Female,103,24,Clothworker,55,86
1447,Threts,Female,77,25,Fishmonger,41,195
1448,Lolis,Female,108,16,Buckle,40,119
1449,Motus,Female,109,39,Chef,68,315
1451,Fliboks,Female,83,41,Dictator,34,273
1450,Druges,Female,75,17,General,36,245
1453,Disrirs,Female,76,33,Bricklayer,64,264
1452,Bendoms,Female,81,43,Distiller,35,206
1455,Gumlins,Female,116,19,Soldier,45,84
1454,Garaks,Female,81,38,Innkeeper,32,126
1458,Frukis,Female,78,17,Keeper,58,159
1457,Thefs,Female,108,12,Beggar,54,376
1456,Nubis,Female,78,48,Judge,42,59
1459,Khaibis,Female,113,17,Barkeep,53,307
1460,Throgos,Female,89,29,Commander,57,184
1461,Thirlens,Female,72,11,Maker,40,332
1462,Khimlirs,Female,76,22,Brewer,53,59
1463,Brasuks,Female,96,28,Chieftain,41,272
1464,Glumiks,Female,116,44,Banker,49,150
1465,Mhufruks,Female,111,30,Knight,52,112
1466,Muks,Female,81,14,Judge,38,160
1467,Gimus,Female,85,27,Grocer,50,358
1469,Thaikes,Female,81,46,Archivist,40,248
1468,Glimes,Female,114,36,Jeweler,62,73
1470,Boibs,Female,95,40,Maker,59,177
1471,Tolbers,Female,103,13,Nurse,61,227
1472,Kusrums,Female,82,45,Builder,52,267
1473,Flamuks,Female,103,13,Minister,57,168
1474,Kharons,Female,96,16,Geisha,51,348
1475,Ganrens,Female,80,34,Musician,42,344
1476,Kraimas,Female,88,34,Inventor,67,331
1478,Defs,Female,83,44,Servant,41,102
1477,Thuges,Female,102,46,Barmaid,47,89
1481,Gromloks,Female,93,36,Chef,33,181
1480,Brats,Female,89,26,Bard,42,54
1479,Thoims,Female,119,24,King,33,200
1482,Krimrers,Female,99,36,Leader,50,318
1483,Lirlans,Female,94,14,Interpreter,31,67
1484,Nonirs,Female,82,10,Emperor,45,160
1485,Nimbuns,Female,79,42,Swordsman,53,292
1486,Khels,Female,93,12,Crossbowman,42,350
1488,Froins,Female,109,23,Merchant,30,144
1487,Bums,Female,113,24,Diver,59,219
1490,Drabs,Female,75,15,Writer,66,87
1489,Flotas,Female,112,47,Clergyman,60,133
1492,Dobaks,Female,101,30,Fighter,38,156
1493,Grufers,Female,98,44,Infantryman,55,370
1491,Thrurbums,Female,83,44,Barber,58,295
1494,Nesriks,Female,91,23,Queen,55,297
1495,Miraks,Female,114,21,Goldsmith,50,50
1496,Dikas,Female,116,20,Queen,30,377
1497,Dutos,Female,101,12,Guardsman,30,257
1498,Drulos,Female,83,23,Actor,45,224
1500,Komis,Female,94,15,Laborer,44,306
1499,Glabas,Female,112,30,Charioteer,30,357
1501,Gremlims,Female,103,37,Advocate,65,97
1439,Draks,Female,113,17,Swordsman,61,352
1503,Thirlems,Female,107,25,Infantryman,31,248
1504,Fifrens,Female,115,25,Writer,40,390
1505,Krafems,Female,97,47,Queen,48,255
1506,Thoilis,Female,101,33,Monk,65,382
1507,Loigs,Female,84,25,Merchant,37,67
1502,Goliks,Female,100,34,Fisherman,39,53
1508,Throds,Female,99,42,Dancer,38,322
1509,Gubs,Female,88,45,Doctor,31,227
1511,Glerurs,Female,111,48,Geisha,45,267
1512,Khabiks,Female,98,20,Keeper,43,357
1513,Krufrurs,Female,110,27,Cartographer,34,394
1514,Gelurs,Female,94,49,Courtesan,56,364
1510,Greles,Female,96,40,Clothworker,66,252
1517,Mhekos,Female,108,35,Kitchen,42,327
1516,Khuks,Female,106,18,Dancer,51,84
1518,Fluks,Female,76,39,Courtier,41,220
1521,Grandams,Female,77,16,Musician,34,158
1519,Brogs,Female,119,28,Chirurgeon,44,178
1520,Dweks,Female,109,14,Jeweler,65,214
1522,Dibaks,Female,88,25,Brewer,48,262
1524,Tondums,Female,95,43,Barmaid,34,195
1523,Dobaks,Female,82,37,Guildmaster,61,100
1393,Farlums,Female,95,10,Lord,36,99
1525,Dunders,Female,71,41,Chandler,50,368
1527,Frafos,Female,114,22,Carpenter,33,330
1529,Globes,Female,106,31,Brothel,62,113
1530,Glubes,Female,94,15,Gladiator,66,176
1526,Kraks,Female,110,39,Geisha,45,73
1528,Doits,Female,108,36,Lord,42,144
1532,Gafrers,Female,74,28,Cutler,36,277
1533,Lubors,Female,73,25,Chef,49,337
1535,Brosens,Female,70,16,Student,44,327
1536,Gofs,Female,102,35,Diver,62,109
1531,Branrins,Female,100,40,Interpreter,30,220
1538,Moigis,Female,111,47,Dictator,55,370
1537,Kegs,Female,109,16,Wrestler,39,207
1539,Dobs,Female,90,40,Baker,30,82
1515,Thindiks,Female,95,44,Doctor,37,302
1541,Bamars,Female,106,24,Beer,60,318
1542,Biframs,Female,80,30,Footman,49,106
1543,Lufiks,Female,86,21,Kitchen,69,214
1544,Girvins,Female,104,30,Kitchen,35,53
1545,Frarluns,Female,76,14,Thief,69,94
1546,Grets,Female,95,17,Jongleur,41,89
1547,Dwoidos,Female,99,26,Artist,40,228
1549,Grimas,Female,119,47,Seller,51,352
1548,Bofis,Female,107,38,Handler,35,189
1551,Gresrons,Female,104,36,Explorer,69,281
1550,Brokes,Female,70,11,Jeweler,52,194
1552,Dramrirs,Female,72,14,Nurse,45,297
1553,Fandons,Female,70,16,Cook,64,109
1554,Mhalrens,Female,79,16,Builder,38,150
1555,Fesruks,Female,79,31,Bookbinder,58,169
1557,Threkas,Female,94,30,Cook,62,386
1556,Duks,Female,117,17,Merchant,54,287
1558,Khofs,Female,81,43,Clothworker,64,194
1559,Draibs,Female,96,19,Grocer,47,68
1562,Desraks,Female,79,12,Buckle,37,148
1560,Bokis,Female,76,47,Dictator,37,118
1561,Gemrans,Female,115,33,Nurse,60,116
1563,Defans,Female,102,25,Farmer,54,121
1564,Glanrems,Female,97,23,Charioteer,67,87
1565,Thorvams,Female,83,17,Bookseller,69,127
1567,Gratas,Female,92,24,Maker,37,362
1568,Ledis,Female,106,15,Barbarian,43,305
1566,Kroks,Female,86,17,Clock,37,204
1569,Koidos,Female,79,23,Bookseller,67,360
1570,Khudis,Female,97,46,Fishmonger,63,131
1571,Grosrars,Female,104,28,Brigand,66,170
1573,Kalons,Female,75,25,Kitchen,36,64
1574,Dwamlens,Female,106,17,Ranger,69,102
1575,Derlems,Female,72,34,Chieftain,39,254
1572,Fesruns,Female,108,25,Archer,32,178
1577,Dwains,Female,106,38,Clergyman,56,287
1576,Fluls,Female,75,23,Footman,32,222
1578,Flodos,Female,70,25,Kitchen,57,293
1579,Debes,Female,92,41,Courtier,39,56
1581,Frafers,Female,89,49,Writer,36,199
1540,Kreks,Female,110,12,Chef,39,394
1582,Glofrars,Female,119,47,Butcher,60,51
1583,Lerums,Female,112,23,Inventor,32,141
1584,Brasars,Female,92,27,Cowherd,53,289
1585,Gufrans,Female,105,26,Gladiator,36,65
1586,Thulas,Female,82,38,Courtesan,48,252
1534,Thralers,Female,98,36,Footman,43,155
1588,Kroidas,Female,90,44,Cowherd,51,220
1589,Likes,Female,74,19,Diplomat,65,257
1591,Dwiroms,Female,80,15,Courtesan,62,69
1590,Muts,Female,118,42,Apothecary,63,187
1592,Nemroks,Female,79,47,Beekeeper,43,162
1593,Turlums,Female,77,13,Emperor,39,97
1594,Grirurs,Female,116,24,Caravan,47,308
1595,Gamlors,Female,114,11,Domestic,67,158
1598,Drigos,Female,101,36,Clergyman,38,268
1596,Faibas,Female,90,38,Cowherd,60,175
1587,Bams,Female,78,21,Emperor,37,224
1600,Mhenis,Female,79,16,Daimyo,44,139
1597,Dibos,Female,110,15,Painter,55,370
1601,Dumlors,Female,70,11,Chirurgeon,60,159
1603,Dribors,Female,98,25,Interpreter,47,235
1602,Flembiks,Female,117,29,Clothworker,68,207
1604,Glolroks,Female,98,37,Boatman,40,396
1605,Flimrins,Female,112,23,Clock,66,147
1607,Gloigas,Female,102,45,Slave,43,137
1608,Drifas,Female,88,13,Guardsman,44,225
1606,Laimes,Female,85,19,Philosopher,35,245
1580,Gledis,Female,90,38,Dairymaid,51,384
1389,Nafs,Female,99,13,Bookseller,61,259
1611,Khasrens,Female,113,41,Chandler,30,384
1599,Nails,Female,96,19,Brewer,33,241
1613,Bumrans,Female,115,12,Kitchen,54,321
1616,Khaibes,Female,81,12,Apothecary,45,269
1614,Dwumiks,Female,93,32,Blacksmith,42,94
1615,Tusrins,Female,100,40,Necromancer,67,51
1617,Grekos,Female,115,14,Messenger,56,262
1619,Kuks,Female,108,39,Maker,69,194
1620,Dukus,Female,112,15,Distiller,45,297
1618,Koikas,Female,101,47,Brewer,66,67
1621,Dworbirs,Female,86,39,Judge,57,254
1623,Desrors,Female,117,34,Artist,61,265
1622,Dwafreks,Female,114,19,Dancer,69,325
1624,Kosrins,Female,73,44,Thief,59,85
1625,Mhimbins,Female,95,36,Ranger,65,228
1626,Noks,Female,73,18,Builder,56,293
1627,Moits,Female,113,41,Caravan,38,190
1629,Boidus,Female,95,22,Laborer,69,354
1628,Kofis,Female,71,30,Miner,30,173
1630,Dwelus,Female,93,21,General,51,376
1631,Brirvums,Female,96,47,Guildmaster,32,172
1633,Drombuns,Female,103,35,Buckle,33,266
1612,Dwirboks,Female,103,44,Cooper,35,346
1635,Gremiks,Female,109,40,Diplomat,64,157
1634,Bamroms,Female,104,10,Bricklayer,59,170
1637,Thramas,Female,84,16,Beer,47,134
1638,Fubas,Female,110,37,General,39,280
1610,Loilus,Female,101,22,Bricklayer,30,321
1632,Kruraks,Female,108,47,Astrologer,41,195
1640,Dwids,Female,93,31,Miner,47,126
1643,Frolbams,Female,74,18,Handler,63,226
1636,Groils,Female,97,21,Gladiator,51,212
1642,Dureks,Female,82,25,Inventor,62,393
1644,Gamurs,Female,86,13,Slave,34,195
1645,Defems,Female,70,49,Diplomat,61,198
1647,Kolis,Female,119,47,Brigand,48,351
1646,Throilos,Female,107,29,Maker,31,391
1639,Geds,Female,90,34,Alchemist,68,347
1650,Toiks,Female,76,44,Barkeep,61,203
1649,Droimes,Female,76,42,Doctor,60,107
1651,Girins,Female,84,20,Cook,53,216
1609,Gloifs,Female,73,27,Jongleur,37,273
1655,Dabirs,Female,106,49,Swordsman,62,265
1653,Larlaks,Female,87,32,Caravan,66,155
1652,Kromrars,Female,96,42,Builder,31,181
1654,Flofrens,Female,71,29,Artist,31,60
1657,Flofes,Female,74,25,Butcher,66,218
1658,Floiles,Female,84,45,Minister,37,319
1659,Mhoins,Female,110,34,Builder,37,292
1661,Bumluns,Female,97,48,King,30,355
1648,Mheks,Female,100,27,Thief,60,292
1641,Noloks,Female,95,25,Aristocrat,59,179
1662,Glombams,Female,97,39,Leader,60,211
1665,Brufoks,Female,114,13,Fighter,36,323
1666,Khelos,Female,73,36,Innkeeper,42,235
1664,Gusrors,Female,87,36,Teacher,32,305
1667,Figes,Female,97,45,Beggar,41,237
1668,Krekas,Female,112,49,Wrestler,51,319
1669,Thoits,Female,77,23,Maker,60,358
1670,Krens,Female,114,33,Armorer,54,215
1671,Friruns,Female,72,31,Cutler,62,133
1673,Nimens,Female,78,14,Builder,42,291
1672,Frefoks,Female,100,10,Beggar,67,354
1675,Gralbiks,Female,93,29,Animal,45,295
1674,Nefens,Female,115,11,Farmer,32,334
1656,Thrans,Female,104,27,Brewer,68,356
1677,Nams,Female,86,47,Bookbinder,57,267
1678,Likos,Female,110,37,Inventor,60,229
1679,Foigs,Female,75,28,Groom,55,207
1682,Gralvuns,Female,70,18,Chandler,54,376
1660,Dwubas,Female,70,21,Fisherman,65,214
1681,Krabaks,Female,105,26,Concubine,65,315
1683,Mhunruns,Female,89,27,Thief,64,82
1685,Foframs,Female,79,10,Architect,32,299
1687,Drobes,Female,80,25,Commander,59,143
1684,Molroks,Female,113,24,Slaver,40,317
1686,Dwilos,Female,108,18,Counselor,41,112
1676,Frukus,Female,72,24,Apothecary,62,101
1690,Mefs,Female,91,31,Geisha,48,200
1663,Flindoks,Female,92,21,Dictator,57,127
1689,Mhens,Female,89,48,Emperor,59,127
1692,Dranrens,Female,96,42,Bookseller,64,209
1693,Folbiks,Female,119,47,Merchant,54,98
1694,Dirlers,Female,95,17,Courtier,40,80
1695,Mherans,Female,79,33,Messenger,38,111
1696,Kals,Female,103,26,Judge,57,316
1697,Noges,Female,79,29,Guildmaster,44,158
1688,Defs,Female,117,33,Alchemist,67,55
1698,Gredis,Female,113,42,Barbarian,38,349
1700,Dubes,Female,99,23,Miner,61,308
1701,Mhusrums,Female,84,15,Brigand,41,102
1703,Mhembems,Female,76,46,Nurse,57,324
1702,Khomburs,Female,106,15,Farmer,41,287
1699,Frods,Female,73,25,Geisha,47,263
1706,Dwenis,Female,116,40,Baker,56,91
1705,Glulroms,Female,116,46,Student,69,76
1704,Thrunims,Female,89,20,Fighter,39,308
1709,Gaks,Female,91,10,Cooper,65,232
1708,Kums,Female,83,44,Diviner,45,272
1691,Terbirs,Female,81,39,Slaver,52,361
1680,Dilas,Female,99,49,Daimyo,41,383
1711,Grenrurs,Female,74,24,Keeper,55,80
1713,Moruns,Female,93,37,Diver,33,297
1714,Krumems,Female,104,46,Diplomat,53,62
1716,Droils,Female,85,43,Astrologer,36,371
1707,Mhoilas,Female,108,18,Painter,46,124
1717,Frots,Female,71,29,Diviner,64,99
1718,Malas,Female,85,47,King,39,230
1719,Frebis,Female,94,26,Cook,40,299
1720,Gobs,Female,92,27,Diviner,37,270
1721,Khemlors,Female,74,13,Merchant,56,80
1723,Flisroks,Female,117,20,Barmaid,50,54
1722,Grofrens,Female,83,33,Courtesan,62,343
1724,Glarvers,Female,80,48,Writer,48,131
1727,Tukis,Female,93,32,Bard,32,161
1725,Frusrens,Female,85,22,Chandler,51,313
1710,Droits,Female,110,49,Keeper,54,87
1726,Gruds,Female,74,41,Counselor,31,346
1729,Briks,Female,81,22,Messenger,39,99
1730,Gibs,Female,90,12,Archer,61,76
1732,Frenruns,Female,111,37,Messenger,53,132
1731,Floburs,Female,102,47,Artisan,51,59
1734,Khalbors,Female,74,15,Nurse,66,200
1733,Drerbiks,Female,116,40,Philosopher,62,237
1735,Flurvoks,Female,88,42,Queen,40,101
1737,Groitus,Female,74,27,Dictator,37,394
1736,Kamis,Female,119,32,Innkeeper,62,240
1738,Thraids,Female,106,45,Chandler,39,249
1739,Belos,Female,80,20,Barbarian,52,76
1715,Flufrens,Female,94,42,Buckle,53,326
1712,Glamroks,Female,77,14,Clergyman,34,274
1742,Dwerveks,Female,82,49,Courtier,68,80
1743,Khoruks,Female,112,37,Astrologer,34,181
1744,Grulbiks,Female,75,10,Diviner,50,194
1745,Grurlims,Female,106,15,Servant,33,270
1747,Thels,Female,82,35,Caravan,30,170
1746,Lufes,Female,77,26,Gladiator,31,250
1748,Kabis,Female,100,47,Caravan,44,127
1750,Madis,Female,92,38,Jongleur,54,297
1751,Tefroks,Female,79,35,Nurse,52,290
1749,Threnas,Female,107,13,Guardsman,62,279
1753,Brifuns,Female,110,33,Alchemist,39,337
1752,Nanons,Female,79,26,Buckle,63,387
1741,Menirs,Female,117,46,Bricklayer,54,128
1754,Bilbars,Female,83,13,Groom,51,115
1740,Grifs,Female,83,28,Concubine,39,398
1755,Gramums,Female,83,37,Clergyman,56,353
1758,Krims,Female,106,21,Footman,67,395
1759,Grakas,Female,89,30,Galley,45,390
1760,Lamis,Female,118,29,Goldsmith,51,381
1763,Throfrens,Female,90,39,Bookbinder,30,61
1761,Gromirs,Female,70,12,Chatelaine,40,78
1762,Thebers,Female,106,16,Nurse,43,264
1765,Mhalvoks,Female,113,45,Commander,49,134
1764,Frubons,Female,94,20,Fighter,47,139
1766,Baims,Female,86,10,Diviner,36,245
1768,Lafas,Female,94,22,Bard,36,332
1769,Threfs,Female,117,14,Archivist,64,323
1767,Thudus,Female,73,24,Slaver,31,97
1728,Grukis,Female,90,25,Costermonger,61,81
1771,Flifiks,Female,71,35,Clerk,42,70
1772,Flesars,Female,75,23,Apothecary,40,320
1773,Krafans,Female,103,47,Writer,55,264
1775,Tharoms,Female,102,31,Slave,56,132
1776,Gaimus,Female,96,26,Fighter,35,72
1774,Brilreks,Female,94,31,Bookseller,42,364
1777,Gainus,Female,86,15,Galley,59,114
1778,Khoimis,Female,96,26,Musician,55,163
1779,Drukos,Female,90,35,Cobbler,61,257
1780,Thons,Female,101,21,Beer,68,71
1781,Grufirs,Female,83,41,Doctor,38,150
1782,Thafeks,Female,104,19,Merchant,37,371
1783,Brefrirs,Female,78,45,Cutler,55,172
1784,Khibeks,Female,74,26,Beekeeper,42,341
1786,Grailos,Female,71,45,Interpreter,35,192
1788,Grigs,Female,86,45,Archivist,63,237
1785,Krelrens,Female,107,33,Dancer,48,155
1787,Dwugs,Female,86,19,Barber,56,225
1789,Fletas,Female,81,31,Slave,64,234
1792,Gamlems,Female,110,46,General,68,345
1791,Flambons,Female,77,27,Boatman,46,252
1790,Gloigis,Female,97,13,Cutler,31,200
1793,Throburs,Female,94,34,Musician,51,261
1794,Lolburs,Female,89,19,Seller,57,320
1795,Nindins,Female,101,46,Animal,30,163
1797,Mhoms,Female,71,39,Animal,34,396
1770,Drabs,Female,75,45,Aristocrat,52,79
1756,Datos,Female,96,22,Philosopher,64,99
1757,Dams,Female,104,45,Soldier,35,172
1799,Baids,Female,102,45,Seller,69,282
1800,Flefs,Female,117,45,Keeper,50,292
1802,Bronuks,Female,103,27,Distiller,47,316
1803,Mefrors,Female,82,41,King,30,58
1804,Thalbans,Female,89,15,Necromancer,50,224
1805,Krumums,Female,105,35,Cook,45,167
1806,Kigs,Female,78,48,Thief,33,203
1807,Gridos,Female,101,47,Slave,52,113
1808,Khegus,Female,97,34,Distiller,32,397
1809,Mhoifos,Female,97,49,Courtier,30,66
1810,Kegs,Female,114,11,Cobbler,32,64
1801,Limbums,Female,105,48,Builder,34,276
1812,Bandars,Female,87,49,Smith,68,316
1813,Bomrems,Female,87,43,Bricklayer,64,194
1815,Norluks,Female,74,46,Bard,53,205
1817,Brams,Female,94,40,Student,69,313
1814,Nunroms,Female,102,15,Queen,45,237
1816,Khails,Female,90,41,Judge,66,98
1820,Loitas,Female,100,42,Barber,42,76
1798,Doibas,Female,80,14,Teacher,53,215
1811,Glafreks,Female,82,46,Galley,67,161
1819,Dwuls,Female,100,39,Innkeeper,49,213
1822,Flolraks,Female,88,15,Clothworker,38,387
1823,Krulbiks,Female,105,37,Cartographer,50,273
1824,Thimbors,Female,92,13,Queen,49,391
1826,Throimes,Female,71,21,Minstrel,60,220
1825,Dulims,Female,116,16,Boatman,31,254
1828,Dribes,Female,115,17,Queen,50,383
1827,Krikos,Female,117,46,Costermonger,67,171
1830,Mhilis,Female,96,40,Seller,39,390
1829,Titus,Female,101,22,Innkeeper,44,326
1831,Mholroks,Female,92,10,Doctor,44,219
1832,Damboms,Female,85,43,Aristocrat,68,288
1833,Tarbors,Female,104,24,Seller,58,328
1834,Dindurs,Female,79,27,Doctor,53,193
1836,Dwoinus,Female,111,11,Bookseller,66,371
1835,Fralveks,Female,73,36,Ranger,55,75
1837,Gods,Female,88,36,Bookseller,58,341
1839,Fredes,Female,104,16,Gladiator,54,138
1838,Droigas,Female,117,24,Dictator,44,232
1840,Dwatus,Female,118,30,Jongleur,33,134
1841,Nosams,Female,114,44,Minstrel,48,86
1844,Thurlans,Female,95,16,Courtier,42,326
1842,Brondirs,Female,87,22,Caravan,43,84
1843,Flulvoms,Female,101,19,Domestic,48,79
1845,Frorlems,Female,98,30,Galley,39,102
1848,Kretis,Female,85,21,Fighter,44,140
1847,Frails,Female,86,43,Guildmaster,38,153
1846,Kudas,Female,83,12,Dairymaid,30,337
1849,Gaidus,Female,113,27,Counselor,31,312
1850,Thremes,Female,70,14,Beekeeper,41,284
1852,Milbaks,Female,100,44,Clergyman,60,322
1853,Dwemriks,Female,71,26,Counselor,65,163
1851,Flurbums,Female,104,36,Cooper,49,391
1855,Tilrums,Female,84,25,Barbarian,65,370
1856,Nugs,Female,73,48,Archer,61,50
1854,Brumliks,Female,104,46,Buckle,42,290
1857,Faims,Female,115,40,Chandler,32,130
1859,Khinos,Female,71,17,Slave,40,285
1858,Grugs,Female,118,45,Blacksmith,63,84
1796,Lokis,Female,112,20,Merchant,57,288
1862,Glondeks,Female,100,29,Laborer,58,336
1863,Fulrers,Female,111,18,Wrestler,63,67
1861,Krumurs,Female,74,46,Chirurgeon,65,368
1865,Kilbams,Female,85,43,Buckle,51,101
1864,Gifrims,Female,110,38,Infantryman,31,252
1867,Froikis,Female,103,13,Infantryman,61,363
1866,Drailis,Female,118,26,Diver,30,240
1868,Dwoigas,Female,119,45,Barber,32,150
1870,Fligs,Female,79,40,Slaver,38,324
1871,Dwasems,Female,99,20,Brigand,34,61
1869,Dilus,Female,106,12,Bookbinder,30,162
1860,Fraits,Female,79,47,Advocate,37,106
1818,Dibas,Female,79,42,Footman,33,158
1873,Krurboks,Female,107,41,Clerk,63,90
1877,Koks,Female,101,40,Fishmonger,69,66
1876,Krukes,Female,81,27,Commander,51,119
1875,Brindoks,Female,93,37,Artisan,58,286
1878,Kefus,Female,100,48,Courtier,46,307
1880,Defs,Female,80,10,Chirurgeon,40,361
1881,Kilbuks,Female,80,41,Fighter,39,283
1879,Tofas,Female,100,11,Laborer,43,217
1882,Drenors,Female,75,21,Fishmonger,58,275
1884,Dwosins,Female,88,20,Laborer,59,78
1872,Kambuns,Female,104,20,Monk,43,125
1885,Brasrims,Female,119,39,Keeper,57,60
1886,Tibas,Female,82,13,Clergyman,59,294
1887,Mhons,Female,112,22,Beekeeper,54,119
1888,Bruns,Female,91,17,Emperor,67,74
1889,Kronas,Female,92,17,Apothecary,61,224
1891,Threfrims,Female,71,11,Astrologer,58,245
1874,Bufrors,Female,113,23,Swordsman,49,118
1893,Khundens,Female,88,11,Doctor,69,229
1894,Glamroms,Female,97,32,Banker,42,399
1892,Kirveks,Female,113,36,Knight,61,285
1895,Mhulvuks,Female,108,34,Gardener,38,356
1897,Fuks,Female,90,22,Philosopher,49,50
1890,Gals,Female,87,10,Ranger,66,255
1898,Lefs,Female,96,10,Builder,36,294
1900,Daids,Female,94,36,Archivist,38,111
1901,Dwumors,Female,70,36,Kitchen,42,329
1899,Mhefs,Female,102,48,Slave,67,384
1902,Fulers,Female,86,32,Queen,44,338
1904,Drelons,Female,116,47,Bricklayer,62,95
1905,Drafoms,Female,70,35,Barmaid,64,235
1906,Glibos,Female,79,31,Bard,34,58
1903,Dalveks,Female,110,21,Artisan,36,171
1907,Khitis,Female,79,18,Boatman,61,63
1908,Flaibes,Female,105,24,Interpreter,31,138
1909,Glatis,Female,78,17,Apothecary,34,152
1910,Groigs,Female,72,25,Swordsman,51,51
1911,Khonrens,Female,70,47,Barkeep,35,253
1896,Glogus,Female,94,22,Barmaid,40,264
1913,Kranrans,Female,108,47,Concubine,66,291
1914,Grirurs,Female,70,41,Cowherd,35,144
1916,Glaimas,Female,102,33,Buckle,54,168
1915,Brerburs,Female,87,16,Domestic,34,342
1918,Broims,Female,72,10,Interpreter,58,385
1912,Flulens,Female,88,38,Explorer,31,114
1821,Dwumbums,Female,77,13,Cobbler,57,354
1883,Krefins,Female,79,34,Dairymaid,56,312
1920,Noils,Female,80,34,Beekeeper,33,114
1922,Tharlirs,Female,78,12,Maker,59,317
1923,Khirlens,Female,72,44,Butcher,58,309
1925,Bufams,Female,101,25,Gardener,54,271
1924,Nafurs,Female,86,48,Maker,45,196
1926,Moimis,Female,108,28,Clerk,62,85
1927,Thraits,Female,107,41,Cooper,53,300
1929,Lebes,Female,103,43,Barber,60,289
1928,Drakus,Female,77,38,Buckle,55,327
1930,Goims,Female,113,22,Clerk,56,183
1931,Bembans,Female,111,46,Brothel,58,293
1921,Lerors,Female,92,44,Clergyman,52,97
1919,Mhikas,Female,110,29,Beekeeper,44,88
1933,Bofroms,Female,109,47,Fishmonger,58,394
1935,Nemuns,Female,102,33,Clerk,42,231
1936,Mebos,Female,116,15,Distiller,32,317
1937,Fraitis,Female,116,42,Teacher,54,391
1938,Gregus,Female,110,34,Chatelaine,34,387
1940,Drins,Female,86,33,Minstrel,41,207
1939,Glakus,Female,91,12,Minister,50,129
1942,Malburs,Female,93,15,Groom,52,207
1941,Lirlens,Female,116,28,Guardsman,54,353
1944,Glurars,Female,96,15,Keeper,46,117
1943,Dwembams,Female,88,22,Architect,37,379
1945,Monreks,Female,110,22,Maker,50,303
1947,Geds,Female,111,16,Cutler,31,306
1946,Kains,Female,80,41,Clerk,69,381
1948,Draigis,Female,89,37,Minstrel,56,66
1949,Thigs,Female,111,41,Minstrel,68,95
1951,Flombers,Female,78,36,Maker,69,55
1950,Groitas,Female,97,23,Beggar,30,99
1953,Khinrars,Female,110,25,Charioteer,31,193
1952,Mholins,Female,91,16,Pirate,32,247
1955,Threners,Female,110,48,Beer,65,266
1954,Mofrans,Female,95,16,Inventor,62,127
1956,Khaims,Female,86,21,Courtier,50,150
1957,Khaibs,Female,107,48,Seller,31,265
1959,Dwedus,Female,96,27,Nurse,67,336
1960,Bets,Female,101,32,Grocer,48,332
1958,Flafes,Female,99,19,Caravan,62,195
1962,Glimors,Female,84,38,Commander,33,248
1961,Mhendoks,Female,108,21,Cutler,47,309
1963,Thamurs,Female,98,27,Charioteer,51,395
1965,Dwesrems,Female,80,39,Grocer,41,352
1964,Drumrirs,Female,114,43,Lord,44,297
1934,Grobuns,Female,100,31,Armorer,39,197
1967,Gats,Female,90,15,Builder,33,238
1969,Kraibes,Female,89,44,Commander,31,234
1966,Fams,Female,115,35,Thief,54,171
1968,Thraits,Female,108,48,Diviner,37,323
1971,Flulrers,Female,88,46,Brewer,33,114
1973,Miluks,Female,98,41,Merchant,34,228
1917,Fifs,Female,114,11,Painter,39,325
1974,Lunems,Female,97,41,Jongleur,49,357
1975,Kufrars,Female,88,41,Monk,36,356
1976,Glutos,Female,83,31,Crossbowman,40,285
1977,Bobs,Female,85,17,Alchemist,69,178
1979,Dwaiks,Female,102,35,Clergyman,45,322
1978,Kils,Female,73,37,Student,64,58
1932,Mhenraks,Female,73,49,Swordsman,57,95
1983,Tomrams,Female,118,34,Brigand,67,265
1982,Tulvuns,Female,95,43,Bookseller,44,296
1981,Glumbaks,Female,118,28,Architect,58,176
1984,Flufums,Female,111,21,Footman,47,230
1985,Brafrems,Female,81,24,Thief,57,213
1986,Failis,Female,82,12,Chandler,30,166
1970,Gels,Female,115,42,Barmaid,32,75
1988,Muts,Female,77,31,Grocer,52,215
1989,Fibis,Female,106,10,Galley,55,295
1990,Gukos,Female,93,22,Brothel,61,284
1991,Berlons,Female,81,10,Barber,47,202
1992,Thrinans,Female,90,32,Alchemist,65,233
1993,Thrombems,Female,103,14,Brothel,37,376
1994,Merbams,Female,91,43,Courtier,60,317
1996,Dwifus,Female,103,17,Concubine,42,247
1987,Mhoins,Female,114,33,Armorer,56,233
1972,Glosraks,Female,89,45,Barmaid,39,330
1997,Gruds,Female,114,21,Leader,37,386
2002,Drabins,Female,99,26,Clock,36,132
2001,Gusens,Female,78,39,Beer,33,345
2000,Kraifs,Female,88,32,Slaver,52,349
1999,Dribs,Female,74,25,Philosopher,42,166
2003,Mhaloms,Female,109,32,Boatman,41,132
2005,Namlurs,Female,108,23,Guardsman,32,392
1980,Tuls,Female,91,49,Crossbowman,45,175
2004,Thrifams,Female,71,23,Distiller,68,397
1995,Kimrurs,Female,100,13,Lady,32,50
2006,Flafs,Female,102,23,Swordsman,47,311
1998,Leks,Female,74,45,Advocate,49,384
2010,Nalos,Female,85,42,Archivist,44,101
2011,Drolbers,Female,97,43,Barmaid,56,104
2012,Thrarlans,Female,71,39,Thief,42,323
2014,Glembuks,Female,79,27,Inventor,66,308
2013,Gilbors,Female,86,35,Banker,69,264
2016,Frols,Female,106,15,Baker,67,111
2015,Thibams,Female,112,38,Caravan,36,190
2008,Khumus,Female,85,27,Banker,68,345
2007,Khefis,Female,97,33,Queen,67,85
2018,Kroiks,Female,87,21,Barmaid,64,220
2017,Framus,Female,82,13,Bookbinder,64,371
2019,Thets,Female,78,19,Handler,67,77
2009,Threlus,Female,102,30,Diver,53,364
2020,Thrugs,Female,85,27,Farmer,68,144