name, surname, residence, class, height, weight, gender, age, adventure
Columbus, Underhill, Marish, Harfoot, 72, 21, Male, 41, 3
Panteleon, Galpsi, Shire, Harfoot, 76, 24, Male, 56, 10
Nicol, Fairbairn, Marish, Harfoot, 69, 32, Male, 74, 6
Wandrille, Brockhouse, Eastfarthing, Harfoot, 98, 36, Male, 50, 6
Huebald, Goold, Marish, Stoor, 75, 36, Male, 67, 5
Poppo, Fairbairn, Eastfarthing, Harfoot, 75, 32, Male, 68, 3
Melampus, Sandheaver, Westfarthing, Stoor, 66, 39, Male, 58, 2
Theodemir, Marsh, Hobbiton, Harfoot, 60, 23, Male, 39, 8
Flambard, Hayward, Shire, Harfoot, 95, 34, Male, 37, 10
Berengar, Noaks, Westmarch, Harfoot, 66, 38, Male, 52, 7
Orgulas, Proudfoot, Bridgefields, Fallohide, 80, 21, Male, 80, 9
Childebrand, Goold, Southfarthing, Harfoot, 94, 34, Male, 43, 5
Corbinian, Whitfoot, Bywater, Harfoot, 67, 34, Male, 69, 7
Bruno, Puddifoot, Green Hill, Stoor, 88, 21, Male, 33, 6
Suger, Chubb, Northfarthing, Stoor, 68, 30, Male, 42, 3
Marcus, Meadows, Shire, Harfoot, 91, 26, Male, 42, 10
Andwise, Noaks, Northfarthing, Stoor, 63, 36, Male, 43, 10
Scudamor, Twofoot, Tookland, Stoor, 85, 23, Male, 43, 3
Artaud, Bunce, Bywater, Stoor, 80, 26, Male, 81, 2
Godun, Underhill, Buckland, Stoor, 82, 35, Male, 69, 5
Bildad, Brandybuck, Green Hill, Fallohide, 71, 21, Male, 80, 10
Samson, Cotton, Shire, Stoor, 65, 29, Male, 58, 4
Chlodion, Sandheaver, Hobbiton, Harfoot, 71, 20, Male, 80, 7
Imninon, Fairbairn, Tookland, Fallohide, 60, 27, Male, 35, 9
Liudolf, Burrows, Westmarch, Stoor, 62, 36, Male, 88, 10
Celedor, Sandyman, Bywater, Fallohide, 92, 24, Male, 81, 6
Timothy, Galpsi, Marish, Fallohide, 85, 37, Male, 77, 4
Farabert, Sandheaver, Woody End, Fallohide, 94, 36, Male, 54, 6
Dudo, Fallohide, Bywater, Stoor, 92, 32, Male, 87, 8
Fulrad, Goldworthy, Northfarthing, Harfoot, 83, 20, Male, 35, 9
Sagramor, Hornblower, Westfarthing, Fallohide, 71, 32, Male, 39, 6
Hartgard, Whitfoot, Marish, Stoor, 94, 32, Male, 89, 10
Wandregisilus, Marsh, Eastfarthing, Stoor, 70, 30, Male, 34, 8
Odovacar, Galpsi, Westfarthing, Stoor, 63, 24, Male, 69, 3
Marmadoc, Twofoot, Shire, Fallohide, 99, 32, Male, 82, 8
Hartgard, Townsend, Tuckborough, Fallohide, 66, 23, Male, 56, 2
Audomar, Labingi, Marish, Stoor, 81, 35, Male, 38, 4
Ceufroy, Whitfoot, Bridgefields, Stoor, 73, 38, Male, 84, 10
Gruffo, Burrow, Woody End, Fallohide, 94, 31, Male, 90, 4
Ebregisel, Brownlock, Tookland, Stoor, 61, 20, Male, 37, 1
Merovech, Headstrong, Southfarthing, Fallohide, 62, 31, Male, 88, 10
Gorbaduc, Lightfoot, Hobbiton, Harfoot, 87, 39, Male, 48, 7
Magnachar, Smallburrow, Hobbiton, Stoor, 75, 24, Male, 67, 3
Waiofar, Goodbody, Green Hill, Stoor, 91, 26, Male, 92, 1
Hal, Headstrong, Westfarthing, Stoor, 83, 29, Male, 82, 5
Grimald, Fairbairn, Buckland, Fallohide, 81, 31, Male, 92, 10
Porro, Galpsi, Shire, Fallohide, 99, 36, Male, 87, 1
Emmon, Headstrong, Tuckborough, Fallohide, 68, 37, Male, 80, 4
Ratold, Fairbairn, Tuckborough, Harfoot, 87, 25, Male, 67, 7
Marmaduke, Brockhouse, Shire, Fallohide, 88, 38, Male, 80, 3
Einhard, Mugwort, Hobbiton, Stoor, 64, 26, Male, 45, 2
Chrodegang, Gammidge, Woody End, Stoor, 83, 21, Male, 91, 10
Wulfram, Longhole, Eastfarthing, Stoor, 84, 31, Male, 81, 7
Waltgaud, Zaragamba, Shire, Harfoot, 79, 33, Male, 37, 10
Habaccuc, Bolger, Marish, Fallohide, 74, 25, Male, 47, 4
Doderic, Lightfoot, Westfarthing, Fallohide, 87, 38, Male, 78, 2
Ted, Burrows, Buckland, Fallohide, 98, 27, Male, 68, 3
Imbert, Underhill, Hobbiton, Stoor, 78, 25, Male, 65, 9
Ratold, Stoor, Bridgefields, Harfoot, 64, 37, Male, 53, 5
Cyricus, Tuk, Eastfarthing, Harfoot, 79, 38, Male, 79, 7
Guntramn, Maggot, Tookland, Fallohide, 69, 27, Male, 91, 7
Ingomer, Rumble, Woody End, Stoor, 63, 27, Male, 75, 7
Largo, Tuk, Green Hill, Harfoot, 90, 25, Male, 76, 1
Godomar, Brown, Marish, Stoor, 82, 33, Male, 91, 9
Ferdibrand, Labingi, Southfarthing, Stoor, 84, 35, Male, 33, 4
Badegisel, Twofoot, Tookland, Fallohide, 76, 24, Male, 52, 9
Poppo, Goodchild, Eastfarthing, Harfoot, 63, 27, Male, 70, 2
Obo, Marsh, Bywater, Stoor, 99, 38, Male, 80, 3
Goodwill, Sandyman, Hobbiton, Harfoot, 97, 25, Male, 34, 2
Erling, Goold, Marish, Stoor, 61, 33, Male, 52, 4
Orderic, Goldworthy, Tuckborough, Stoor, 69, 27, Male, 49, 4
Arnold, Cotton, Buckland, Fallohide, 80, 23, Male, 61, 5
Iolo, Proudfoot, Green Hill, Fallohide, 70, 32, Male, 82, 10
Adelbert, Lightfoot, Woody End, Fallohide, 77, 39, Male, 73, 7
Cosimo, Chubb, Green Hill, Stoor, 99, 31, Male, 74, 8
Angilbart, Fairbairn, Westmarch, Harfoot, 78, 32, Male, 59, 2
Reginald, Bolger, Buckland, Harfoot, 80, 26, Male, 56, 5
Berengar, Cotton, Northfarthing, Stoor, 89, 39, Male, 64, 10
Thankmar, Burrow, Buckland, Stoor, 63, 36, Male, 83, 3
Evroult, Fallohide, Shire, Fallohide, 98, 23, Male, 71, 5
Pippin, Gamgee, Westmarch, Harfoot, 96, 21, Male, 49, 10
Grifo, Sackville, Westfarthing, Harfoot, 65, 27, Male, 72, 8
Gerontius, Tunnelly, Westfarthing, Harfoot, 63, 26, Male, 43, 8
Tobold, Brockhouse, Southfarthing, Fallohide, 96, 38, Male, 71, 9
Bungo, Sandheaver, Southfarthing, Stoor, 83, 32, Male, 42, 9
Bruno, Brown, Buckland, Stoor, 67, 31, Male, 55, 9
Anskar, Lightfoot, Marish, Harfoot, 72, 20, Male, 92, 10
Turpin, Goodbody, Woody End, Stoor, 96, 29, Male, 54, 10
Theodebert, Sandyman, Bywater, Harfoot, 76, 36, Male, 36, 10
Grifo, Sackville, Marish, Stoor, 82, 25, Male, 87, 8
Evroult, Fallohide, Marish, Harfoot, 77, 39, Male, 77, 3
Pippin, Gamgee, Hobbiton, Fallohide, 73, 25, Male, 33, 7
Bungo, Sandheaver, Buckland, Stoor, 77, 36, Male, 47, 4
Tobold, Brockhouse, Marish, Fallohide, 87, 27, Male, 68, 3
Gerontius, Tunnelly, Eastfarthing, Harfoot, 63, 26, Male, 55, 3
Anskar, Lightfoot, Green Hill, Stoor, 89, 30, Male, 76, 4
Turpin, Goodbody, Tuckborough, Stoor, 70, 20, Male, 74, 4
Godobald, Fallohide, Westfarthing, Fallohide, 95, 27, Male, 73, 10
Bruno, Brown, Tookland, Harfoot, 62, 23, Male, 51, 6
Wibert, Bracegirdle, Buckland, Harfoot, 77, 29, Male, 77, 8
Wibert, Fairbairn, Southfarthing, Stoor, 92, 31, Male, 83, 7
Dodo, Gamgee, Hobbiton, Fallohide, 84, 25, Male, 70, 2
Wilibald, Diggle, Westfarthing, Fallohide, 66, 34, Male, 69, 9
Meneaduc, Galpsi, Hobbiton, Fallohide, 78, 22, Male, 64, 9
Ricfried, Marsh, Northfarthing, Harfoot, 91, 22, Male, 72, 10
Hartmut, Clayhanger, Woody End, Harfoot, 65, 21, Male, 92, 1
Ramnulf, Brandagamba, Bywater, Harfoot, 62, 22, Male, 84, 1
Samwise, Galpsi, Shire, Harfoot, 93, 39, Male, 50, 10
Theudebert, Greenhand, Bridgefields, Fallohide, 97, 26, Male, 73, 2
Audovald, Noaks, Bywater, Fallohide, 80, 38, Male, 42, 2
Ricchar, Clayhanger, Westmarch, Stoor, 96, 35, Male, 34, 8
Roderic, Marsh, Northfarthing, Harfoot, 90, 20, Male, 39, 9
Porro, Fallohide, Westfarthing, Fallohide, 68, 36, Male, 83, 6
Tobold, Goodchild, Eastfarthing, Harfoot, 71, 21, Male, 86, 8
Angegisis, Hornblower, Northfarthing, Harfoot, 64, 25, Male, 63, 8
Lull, Fairbairn, Westmarch, Stoor, 63, 38, Male, 65, 9
Audoneus, Hayward, Hobbiton, Harfoot, 88, 35, Male, 89, 7
Sigismond, Cotton, Southfarthing, Harfoot, 73, 28, Male, 53, 8
Lanfranc, Longhole, Woody End, Stoor, 84, 36, Male, 70, 1
Hunald, Maggot, Northfarthing, Fallohide, 81, 20, Male, 61, 9
Atacinus, Hayward, Bywater, Fallohide, 74, 36, Male, 51, 1
Dreux, Fallohide, Tuckborough, Stoor, 88, 20, Male, 35, 6
Wandrille, Brandagamba, Green Hill, Stoor, 90, 29, Male, 49, 9
Gararic, Burrows, Westfarthing, Stoor, 98, 26, Male, 50, 2
Wido, Galbasi, Eastfarthing, Harfoot, 97, 36, Male, 83, 3
Lebuin, Goodbody, Bywater, Harfoot, 93, 20, Male, 52, 6
Celedor, Gamwich, Green Hill, Stoor, 96, 29, Male, 56, 3
Syagrius, Underhill, Woody End, Stoor, 75, 21, Male, 80, 6
Theodebert, Sandyman, Northfarthing, Fallohide, 95, 20, Male, 65, 5
Trahand, Noaks, Eastfarthing, Fallohide, 92, 33, Male, 72, 1
Bodo, Meadows, Tookland, Stoor, 97, 36, Male, 53, 2
Saradoc, Bophin, Southfarthing, Fallohide, 88, 31, Male, 68, 3
Willehad, Sandheaver, Westmarch, Fallohide, 83, 39, Male, 82, 10
Bingo, Bracegirdle, Buckland, Fallohide, 73, 28, Male, 63, 6
Nithard, Mugwort, Green Hill, Stoor, 80, 28, Male, 40, 4
Suidbert, Brownlock, Westfarthing, Fallohide, 70, 35, Male, 74, 4
Arnegisel, Marsh, Buckland, Harfoot, 93, 23, Male, 81, 10
Ted, Marsh, Bywater, Harfoot, 76, 35, Male, 92, 2
Emme, Roper, Shire, Stoor, 73, 32, Male, 72, 4
Prospero, Brownlock, Green Hill, Fallohide, 94, 22, Male, 68, 8
Theodebert, Twofoot, Westmarch, Fallohide, 80, 28, Male, 59, 9
Theodwin, Meadows, Westmarch, Stoor, 65, 25, Male, 45, 6
Rudigar, Goldworthy, Green Hill, Stoor, 66, 39, Male, 82, 3
Guntram, Townsend, Bridgefields, Stoor, 94, 39, Male, 78, 10
Adalhard, Hornblower, Shire, Stoor, 74, 21, Male, 86, 10
Minto, Gamwich, Tookland, Harfoot, 76, 24, Male, 60, 9
Wiseman, Bunce, Buckland, Stoor, 89, 32, Male, 87, 4
Monulph, Townsend, Green Hill, Fallohide, 64, 30, Male, 63, 2
Garivald, Harfoot, Green Hill, Stoor, 76, 30, Male, 56, 9
Erling, Fallohide, Southfarthing, Harfoot, 63, 22, Male, 56, 8
Wiseman, Boffin, Westfarthing, Harfoot, 74, 39, Male, 58, 3
Marcus, Greenholm, Southfarthing, Harfoot, 81, 39, Male, 71, 3
Amator, Brown, Westfarthing, Harfoot, 90, 33, Male, 86, 3
Helisachar, Tuk, Westfarthing, Stoor, 90, 24, Male, 59, 1
Inigo, Meadows, Tookland, Fallohide, 87, 21, Male, 81, 2
Dreux, Longhole, Tookland, Harfoot, 70, 22, Male, 72, 3
Richer, Zaragamba, Woody End, Stoor, 77, 30, Male, 62, 8
Caradas, Banks, Marish, Stoor, 65, 29, Male, 41, 8
Siegfried, Boffin, Marish, Harfoot, 60, 25, Male, 77, 7
Abbo, Underhill, Green Hill, Harfoot, 77, 22, Male, 71, 7
Enurchus, Fairbairn, Northfarthing, Stoor, 72, 33, Male, 81, 1
Crassus, Labingi, Southfarthing, Stoor, 60, 25, Male, 81, 1
Gunthar, Diggle, Tuckborough, Stoor, 67, 36, Male, 89, 6
Marcho, Pott, Bridgefields, Harfoot, 62, 35, Male, 33, 10
Isengrin, Hornblower, Green Hill, Fallohide, 80, 34, Male, 76, 7
Fridolin, Brandagamba, Marish, Harfoot, 81, 25, Male, 88, 2
Turpin, Sandyman, Westmarch, Harfoot, 93, 31, Male, 90, 7
Gondulph, Greenholm, Tuckborough, Fallohide, 94, 34, Male, 64, 3
Ebroin, Pott, Marish, Harfoot, 72, 33, Male, 68, 1
Burchard, Sandyman, Bywater, Harfoot, 65, 39, Male, 86, 10
Munderic, Goodenough, Eastfarthing, Harfoot, 79, 29, Male, 37, 8
Basso, Hornblower, Tookland, Stoor, 92, 39, Male, 59, 3
Nevelung, Hlothran, Northfarthing, Fallohide, 70, 29, Male, 34, 6
Longo, Sackville, Woody End, Stoor, 91, 28, Male, 84, 4
Ageric, Fallohide, Hobbiton, Harfoot, 71, 24, Male, 82, 2
Gundovald, Clayhanger, Hobbiton, Harfoot, 71, 24, Male, 84, 10
Longo, Cotton, Westmarch, Stoor, 98, 39, Male, 75, 1
Hildigrim, Roper, Marish, Stoor, 60, 21, Male, 43, 1
Theudebert, Bracegirdle, Hobbiton, Fallohide, 98, 37, Male, 33, 8
Emmeran, Zaragamba, Westmarch, Fallohide, 91, 28, Male, 51, 7
Otto, Diggle, Hobbiton, Fallohide, 96, 28, Male, 49, 3
Conrad, Fallohide, Westfarthing, Harfoot, 85, 23, Male, 69, 10
Meneaduc, Gamwich, Westfarthing, Harfoot, 76, 30, Male, 47, 6
Anno, Burrow, Tuckborough, Harfoot, 88, 29, Male, 71, 1
Chararic, Brandagamba, Woody End, Stoor, 86, 39, Male, 88, 4
Rudolph, Bolger, Hobbiton, Fallohide, 78, 37, Male, 59, 4
Heribald, Gardner, Eastfarthing, Stoor, 83, 20, Male, 73, 3
Radigis, Sackville, Westfarthing, Stoor, 92, 38, Male, 74, 9
Iago, Fallohide, Shire, Stoor, 60, 20, Male, 41, 10
Bovo, Galbasi, Woody End, Fallohide, 75, 38, Male, 57, 10
Mungo, Longholes, Southfarthing, Harfoot, 75, 39, Male, 35, 10
Norbert, Proudfoot, Hobbiton, Stoor, 85, 39, Male, 52, 2
Thietmar, Proudfoot, Woody End, Harfoot, 75, 39, Male, 38, 5
Hildigard, Brownlock, Shire, Harfoot, 69, 21, Male, 70, 9
Sadoc, Goodchild, Westfarthing, Harfoot, 72, 32, Male, 71, 5
Willibald, Bophin, Green Hill, Stoor, 98, 36, Male, 71, 9
Drogo, Proudfoot, Eastfarthing, Stoor, 65, 37, Male, 76, 4
Panteleon, Fallohide, Green Hill, Stoor, 94, 22, Male, 63, 8
Togo, Burrowes, Buckland, Harfoot, 66, 30, Male, 43, 3
Fulrad, Stoor, Westmarch, Stoor, 75, 26, Male, 71, 10
Nibs, Goold, Woody End, Stoor, 82, 27, Male, 61, 8
Mungo, Sandyman, Tuckborough, Harfoot, 77, 32, Male, 91, 10
Griffon, Goodbody, Northfarthing, Stoor, 69, 35, Male, 74, 6
Sichar, Sackville, Hobbiton, Stoor, 85, 34, Male, 87, 4
Jo, Goldworthy, Woody End, Fallohide, 76, 30, Male, 40, 2
Medard, Bophin, Tuckborough, Fallohide, 64, 28, Male, 67, 6
Wazo, Whitfoot, Marish, Harfoot, 64, 37, Male, 49, 9
Brocard, Bophin, Shire, Fallohide, 77, 20, Male, 88, 4
Robur, Tuk, Eastfarthing, Harfoot, 70, 39, Male, 92, 10
Unroch, Rumble, Shire, Fallohide, 68, 35, Male, 61, 5
Lull, Harfoot, Bridgefields, Harfoot, 67, 22, Male, 37, 3
Dreux, Roper, Southfarthing, Fallohide, 83, 20, Male, 74, 8
Halfast, Greenholm, Tookland, Stoor, 81, 29, Male, 43, 2
Ouus, Bophin, Shire, Fallohide, 93, 39, Male, 85, 9
Berthaire, Noaks, Westfarthing, Stoor, 69, 33, Male, 65, 3
Corbinian, Meadows, Bridgefields, Fallohide, 81, 33, Male, 38, 4
Riquier, Banks, Eastfarthing, Stoor, 88, 37, Male, 67, 10
Birinus, Brownlock, Tuckborough, Harfoot, 85, 35, Male, 60, 2
Clodomir, Longhole, Bywater, Fallohide, 84, 31, Male, 77, 1
Gereon, Townsend, Hobbiton, Stoor, 80, 21, Male, 39, 5
Bertelis, Tuk, Buckland, Fallohide, 61, 33, Male, 83, 10
Gundolpho, Clayhanger, Bywater, Harfoot, 74, 31, Male, 45, 9
Angilbart, Labingi, Westmarch, Stoor, 68, 21, Male, 83, 8
Alaric, Hogg, Westmarch, Harfoot, 67, 23, Male, 76, 7
Godomar, Puddifoot, Bywater, Fallohide, 83, 33, Male, 82, 6
Arnulf, Puddifoot, Green Hill, Harfoot, 71, 26, Male, 63, 3
Aega, Headstrong, Bridgefields, Stoor, 67, 39, Male, 47, 1
Flodoard, Baggins, Westmarch, Stoor, 76, 33, Male, 64, 10
Mosco, Boffin, Woody End, Stoor, 86, 30, Male, 58, 9
Emmon, Lightfoot, Bridgefields, Harfoot, 70, 21, Male, 37, 10
Gundovald, Sandyman, Marish, Harfoot, 92, 28, Male, 82, 6
Bruno, Oldbuck, Westmarch, Harfoot, 65, 35, Male, 76, 2
Eracle, Hayward, Tuckborough, Stoor, 74, 24, Male, 85, 10
Arbitio, Harfoot, Westfarthing, Harfoot, 99, 28, Male, 38, 8
Carl, Hlothran, Northfarthing, Harfoot, 91, 23, Male, 71, 5
Marmadoc, Bunce, Westmarch, Harfoot, 86, 34, Male, 33, 8
Caradas, Sackville, Northfarthing, Fallohide, 63, 34, Male, 61, 7
Artaud, Bolger, Buckland, Stoor, 95, 21, Male, 78, 3
Gundolpho, Bracegirdle, Hobbiton, Stoor, 62, 26, Male, 67, 10
Boso, Goodchild, Shire, Fallohide, 79, 24, Male, 71, 10
Wazo, Hayward, Westmarch, Stoor, 89, 28, Male, 46, 5
Maixent, Longhole, Woody End, Fallohide, 81, 23, Male, 68, 1
Giseler, Diggle, Shire, Fallohide, 90, 29, Male, 42, 9
Ansovald, Proudfoot, Bywater, Harfoot, 62, 33, Male, 72, 10
Polo, Bolger, Westmarch, Stoor, 64, 28, Male, 86, 10
Bruno, Bophin, Westfarthing, Harfoot, 95, 29, Male, 86, 1
Berno, Longholes, Westfarthing, Harfoot, 74, 29, Male, 61, 7
Merobaudes, Hayward, Westmarch, Stoor, 60, 20, Male, 79, 7
Theodwin, Headstrong, Westmarch, Harfoot, 81, 28, Male, 59, 5
Hamfast, Brandagamba, Marish, Harfoot, 88, 26, Male, 56, 4
Warmann, Fallohide, Woody End, Harfoot, 79, 25, Male, 86, 5
Aigulf, Hlothran, Westfarthing, Fallohide, 79, 36, Male, 86, 1
Porro, Fallohide, Shire, Stoor, 65, 30, Male, 63, 8
Theodard, Baggins, Westfarthing, Fallohide, 91, 31, Male, 79, 1
Maraulf, Hayward, Westmarch, Stoor, 86, 23, Male, 66, 5
Nibs, Clayhanger, Bywater, Harfoot, 97, 38, Male, 65, 3
Wiseman, Banks, Eastfarthing, Fallohide, 83, 31, Male, 66, 1
Marcoul, Greenhand, Buckland, Stoor, 70, 25, Male, 42, 8
Thierry, Noaks, Bywater, Harfoot, 61, 28, Male, 83, 7
Lul, Bracegirdle, Green Hill, Harfoot, 67, 24, Male, 59, 4
Dado, Fairbairn, Westfarthing, Fallohide, 65, 33, Male, 60, 10
Merimas, Hlothran, Northfarthing, Harfoot, 82, 35, Male, 92, 10
Godobald, Proudfoot, Tuckborough, Harfoot, 62, 30, Male, 74, 10
Grossman, Sackville, Eastfarthing, Harfoot, 69, 23, Male, 46, 6
Guntramn, Galbasi, Tuckborough, Stoor, 85, 33, Male, 66, 8
Angilbart, Pott, Bridgefields, Stoor, 74, 20, Male, 63, 9
Gormadoc, Oldbuck, Eastfarthing, Fallohide, 99, 31, Male, 81, 5
Ranugad, Baggins, Shire, Fallohide, 77, 22, Male, 76, 7
Roderic, Clayhanger, Green Hill, Harfoot, 93, 28, Male, 40, 9
Leufroy, Greenholm, Marish, Harfoot, 72, 25, Male, 43, 1
Maiuel, Stoor, Bridgefields, Fallohide, 74, 28, Male, 89, 9
Fulvus, Sackville, Hobbiton, Fallohide, 69, 24, Male, 79, 7
Aega, Bophin, Green Hill, Fallohide, 89, 39, Male, 37, 5
Orderic, Puddifoot, Bywater, Stoor, 82, 26, Male, 66, 4
Wido, Roper, Woody End, Fallohide, 85, 31, Male, 37, 4
Marmadoc, Greenholm, Westmarch, Stoor, 99, 20, Male, 52, 4
Arculf, Greenholm, Marish, Harfoot, 70, 29, Male, 62, 9
Gozolon, Boffin, Marish, Stoor, 92, 34, Male, 79, 2
Godun, Boffin, Woody End, Fallohide, 92, 34, Male, 36, 10
Pancras, Lightfoot, Northfarthing, Harfoot, 69, 25, Male, 71, 4
Sigismund, Gawkroger, Buckland, Harfoot, 74, 30, Male, 45, 8
Berno, Longholes, Woody End, Stoor, 85, 35, Male, 39, 10
Banazir, Goldworthy, Hobbiton, Fallohide, 99, 30, Male, 35, 3
Leutfrid, Tuk, Marish, Fallohide, 68, 35, Male, 44, 5
Kalimac, Pott, Northfarthing, Fallohide, 72, 34, Male, 44, 4
Corbinian, Zaragamba, Northfarthing, Fallohide, 80, 26, Male, 40, 6
Gozolon, Townsend, Shire, Fallohide, 86, 38, Male, 80, 8
Crassus, Greenhand, Hobbiton, Harfoot, 84, 37, Male, 64, 1
Columbus, Gammidge, Hobbiton, Harfoot, 95, 33, Male, 88, 4
Audramnus, Goodenough, Southfarthing, Harfoot, 89, 38, Male, 41, 3
Tomacca, Brown, Woody End, Harfoot, 73, 31, Male, 53, 5
Atacinus, Whitfoot, Westmarch, Harfoot, 77, 27, Male, 88, 3
Fulbert, Labingi, Westmarch, Stoor, 84, 39, Male, 54, 4
Bucca, Fairbairn, Tuckborough, Harfoot, 80, 24, Male, 34, 9
Ferdinand, Bracegirdle, Southfarthing, Harfoot, 63, 24, Male, 65, 10
Sunnegisil, Brown, Tuckborough, Fallohide, 66, 39, Male, 46, 5
Bladud, Bracegirdle, Hobbiton, Stoor, 86, 39, Male, 58, 8
Liudhard, Gardner, Hobbiton, Fallohide, 72, 30, Male, 62, 6
Vulmar, Galpsi, Tookland, Fallohide, 93, 28, Male, 71, 4
Erard, Galpsi, Westfarthing, Harfoot, 82, 35, Male, 80, 8
Angegisis, Headstrong, Westmarch, Fallohide, 77, 28, Male, 33, 7
Orlando, Gamwich, Woody End, Fallohide, 65, 32, Male, 87, 10
Clodio, Zaragamba, Tookland, Harfoot, 82, 20, Male, 71, 6
Merimas, Longhole, Westfarthing, Fallohide, 89, 27, Male, 77, 7
Ceufroy, Greenhand, Shire, Stoor, 98, 38, Male, 79, 3
Agobard, Gawkroger, Tookland, Stoor, 76, 26, Male, 77, 5
Besso, Roper, Tookland, Harfoot, 62, 28, Male, 63, 1
Clovis, Brownlock, Westmarch, Fallohide, 86, 39, Male, 53, 1
Artaud, Gawkroger, Tuckborough, Fallohide, 73, 38, Male, 85, 6
Angegisis, Goodenough, Westfarthing, Harfoot, 84, 23, Male, 61, 6
Atacinus, Gamgee, Tookland, Fallohide, 99, 23, Male, 47, 7
Magneric, Underhill, Northfarthing, Harfoot, 94, 39, Male, 57, 5
Waleran, Goold, Southfarthing, Fallohide, 96, 30, Male, 36, 1
Tobold, Gardner, Hobbiton, Stoor, 89, 39, Male, 47, 4
Nevelung, Oldbuck, Shire, Harfoot, 76, 21, Male, 44, 1
Hob, Gamgee, Shire, Stoor, 95, 21, Male, 41, 8
Marmaduke, Baggins, Westfarthing, Fallohide, 82, 39, Male, 87, 10
Chlodowig, Noaks, Bywater, Stoor, 92, 30, Male, 54, 8
Bero, Labingi, Westmarch, Stoor, 95, 23, Male, 63, 7
Imninon, Marsh, Tookland, Harfoot, 65, 29, Male, 43, 7
Agiulf, Galbasi, Bywater, Fallohide, 82, 21, Male, 35, 1
Agobard, Goodbody, Westfarthing, Fallohide, 79, 22, Male, 38, 1
Dodinas, Butcher, Westmarch, Stoor, 76, 38, Male, 86, 1
Tescelin, Boffin, Eastfarthing, Fallohide, 93, 36, Male, 87, 4
Hlodver, Brownlock, Green Hill, Stoor, 97, 31, Male, 59, 5
Matfrid, Brownlock, Marish, Harfoot, 91, 27, Male, 74, 4
Angilbart, Gawkroger, Hobbiton, Harfoot, 64, 27, Male, 74, 7
Waleran, Diggle, Shire, Harfoot, 69, 23, Male, 76, 7
Timothy, Meadows, Westfarthing, Stoor, 70, 39, Male, 73, 5
Dodo, Goodenough, Eastfarthing, Stoor, 91, 28, Male, 33, 8
Gondulph, Townsend, Shire, Stoor, 71, 23, Male, 38, 9
Hildeprand, Sandyman, Tuckborough, Stoor, 93, 35, Male, 33, 1
Willehad, Harfoot, Eastfarthing, Stoor, 84, 25, Male, 71, 9
Emme, Took, Southfarthing, Fallohide, 78, 23, Male, 73, 6
Andwise, Fallohide, Westmarch, Stoor, 71, 36, Male, 71, 2
Ceredic, Gammidge, Eastfarthing, Stoor, 68, 28, Male, 91, 2
Gifemund, Sandheaver, Shire, Stoor, 86, 39, Male, 70, 1
Ricbodo, Puddifoot, Marish, Harfoot, 88, 35, Male, 85, 9
Lebuin, Marsh, Eastfarthing, Stoor, 98, 38, Male, 34, 8
Leodegar, Bracegirdle, Bywater, Fallohide, 77, 35, Male, 34, 8
Emme, Bophin, Marish, Harfoot, 64, 33, Male, 52, 3
Will, Sackville, Bridgefields, Stoor, 88, 28, Male, 38, 5
Clodio, Smallburrow, Northfarthing, Stoor, 71, 38, Male, 67, 7
Chlodomer, Headstrong, Marish, Harfoot, 91, 33, Male, 73, 10
Tassilo, Headstrong, Buckland, Harfoot, 93, 23, Male, 92, 9
Fulvus, Bunce, Shire, Fallohide, 74, 27, Male, 54, 7
Bilba, Headstrong, Buckland, Harfoot, 67, 20, Male, 63, 1
Andica, Baggins, Southfarthing, Stoor, 94, 36, Male, 40, 7
Floribert, Galbasi, Westfarthing, Fallohide, 75, 22, Male, 37, 9
Wido, Harfoot, Shire, Harfoot, 86, 20, Male, 57, 9
Dodinas, Goodchild, Shire, Stoor, 90, 25, Male, 83, 10
Gondulph, Burrows, Westmarch, Harfoot, 66, 24, Male, 50, 8
Audoen, Burrow, Northfarthing, Fallohide, 99, 28, Male, 70, 6
Sicho, Greenholm, Southfarthing, Stoor, 82, 32, Male, 74, 9
Pacatian, Lightfoot, Bywater, Stoor, 60, 22, Male, 88, 5
Richomer, Rumble, Marish, Harfoot, 95, 39, Male, 77, 4
Bungo, Brandagamba, Bywater, Stoor, 78, 23, Male, 73, 9
Uffo, Stoor, Bridgefields, Stoor, 99, 21, Male, 76, 5
Habaccuc, Stoor, Buckland, Stoor, 78, 32, Male, 33, 2
Ceufroy, Brandagamba, Tookland, Stoor, 71, 23, Male, 49, 2
Helinand, Fairbairn, Bridgefields, Fallohide, 61, 28, Male, 61, 2
Samson, Proudfoot, Westfarthing, Fallohide, 87, 27, Male, 60, 4
Wiseman, Hogg, Hobbiton, Harfoot, 97, 36, Male, 46, 8
Hamson, Puddifoot, Hobbiton, Harfoot, 96, 39, Male, 84, 9
Huebald, Goodchild, Green Hill, Stoor, 78, 22, Male, 58, 7
Berengar, Gawkroger, Eastfarthing, Stoor, 79, 20, Male, 74, 1
Chilperic, Burrows, Hobbiton, Stoor, 97, 26, Male, 58, 1
Habaccuc, Stoor, Tuckborough, Harfoot, 84, 27, Male, 88, 2
Uffo, Stoor, Westfarthing, Fallohide, 76, 23, Male, 55, 10
Helinand, Fairbairn, Woody End, Harfoot, 67, 28, Male, 70, 9
Ceufroy, Brandagamba, Shire, Harfoot, 60, 25, Male, 48, 4
Samson, Proudfoot, Tookland, Harfoot, 62, 23, Male, 88, 4
Tobias, Butcher, Bridgefields, Fallohide, 91, 38, Male, 86, 3
Lothar, Headstrong, Eastfarthing, Harfoot, 76, 22, Male, 89, 9
Huebald, Goodchild, Bywater, Harfoot, 62, 23, Male, 65, 2
Berengar, Gawkroger, Buckland, Harfoot, 80, 35, Male, 63, 9
Chilperic, Burrows, Southfarthing, Stoor, 89, 23, Male, 49, 10
Vicelin, Oldbuck, Woody End, Fallohide, 96, 28, Male, 56, 3
Tobias, Butcher, Northfarthing, Fallohide, 71, 23, Male, 73, 10
Ferdinand, Burrows, Southfarthing, Harfoot, 93, 32, Male, 82, 5
Lothar, Headstrong, Woody End, Fallohide, 79, 32, Male, 92, 3
Carambo, Brownlock, Northfarthing, Harfoot, 95, 28, Male, 57, 9
Godobald, Pott, Bridgefields, Harfoot, 77, 27, Male, 53, 7
Sago, Harfoot, Woody End, Fallohide, 81, 31, Male, 90, 8
Tomburan, Brown, Bridgefields, Stoor, 88, 22, Male, 63, 10
Sigismond, Brownlock, Tuckborough, Stoor, 85, 35, Male, 59, 3
Wulfhard, Hayward, Northfarthing, Stoor, 92, 27, Male, 47, 4
Aega, Hogg, Bywater, Fallohide, 60, 25, Male, 47, 7
Merovech, Brownlock, Tookland, Stoor, 94, 31, Male, 49, 1
Ebregisel, Labingi, Woody End, Stoor, 93, 26, Male, 89, 7
Audovald, Burrows, Green Hill, Stoor, 95, 29, Male, 81, 8
Jo, Marsh, Buckland, Fallohide, 96, 28, Male, 35, 5
Ted, Harfoot, Green Hill, Stoor, 81, 22, Male, 87, 6
Isengrin, Gamwich, Marish, Stoor, 83, 37, Male, 48, 6
Ceufroy, Mugwort, Tookland, Stoor, 81, 28, Male, 55, 5
Richomeres, Sandheaver, Tookland, Stoor, 60, 33, Male, 75, 8
Fulcaire, Stoor, Woody End, Fallohide, 80, 30, Male, 58, 10
Isengrim, Sackville, Bywater, Stoor, 94, 26, Male, 70, 1
Nob, Hogg, Buckland, Stoor, 78, 29, Male, 62, 3
Munderic, Whitfoot, Westfarthing, Stoor, 85, 31, Male, 41, 6
Lull, Diggle, Buckland, Harfoot, 61, 34, Male, 80, 5
Rathier, Hogg, Tuckborough, Stoor, 76, 22, Male, 79, 6
Bucca, Stoor, Bridgefields, Fallohide, 92, 39, Male, 73, 1
Faro, Sandheaver, Eastfarthing, Fallohide, 91, 28, Male, 40, 4
Heribert, Fairbairn, Woody End, Stoor, 83, 38, Male, 76, 4
Columbus, Burrows, Eastfarthing, Fallohide, 76, 32, Male, 57, 9
Engelbert, Brockhouse, Tookland, Stoor, 80, 27, Male, 43, 8
Balderic, Tunnelly, Westfarthing, Harfoot, 96, 35, Male, 79, 8
Erard, Twofoot, Green Hill, Stoor, 61, 38, Male, 72, 7
Hilduin, Brown, Tookland, Harfoot, 72, 20, Male, 47, 3
Zwentibold, Banks, Westmarch, Harfoot, 84, 37, Male, 55, 10
Drogon, Brown, Bywater, Harfoot, 84, 21, Male, 42, 6
Jocelin, Maggot, Green Hill, Fallohide, 86, 28, Male, 36, 10
Andica, Gardner, Tuckborough, Fallohide, 95, 38, Male, 47, 8
Cyr, Zaragamba, Tuckborough, Fallohide, 60, 29, Male, 49, 3
Gundobad, Gammidge, Marish, Stoor, 68, 34, Male, 79, 5
Wandrille, Greenhand, Woody End, Stoor, 77, 37, Male, 84, 1
Isumbras, Boffin, Buckland, Stoor, 70, 35, Male, 73, 4
Orderic, Longhole, Southfarthing, Fallohide, 77, 33, Male, 65, 2
Hartmut, Stoor, Westmarch, Stoor, 85, 25, Male, 77, 1
Wilimar, Sackville, Westfarthing, Stoor, 70, 36, Male, 79, 10
Corbus, Goold, Bridgefields, Harfoot, 96, 30, Male, 45, 6
Otker, Oldbuck, Buckland, Fallohide, 84, 26, Male, 70, 6
Hildigrim, Goodbody, Marish, Stoor, 72, 22, Male, 37, 9
Jo, Mugwort, Bywater, Fallohide, 96, 31, Male, 57, 2
Leuthard, Took, Shire, Fallohide, 86, 37, Male, 83, 3
Sigeric, Bophin, Northfarthing, Harfoot, 94, 24, Male, 42, 5
Hamilcar, Bunce, Shire, Stoor, 73, 20, Male, 65, 1
Giselbert, Meadows, Westmarch, Harfoot, 67, 22, Male, 53, 1
Rudigar, Diggle, Southfarthing, Harfoot, 91, 36, Male, 51, 4
Adelard, Goodbody, Tuckborough, Fallohide, 78, 30, Male, 85, 6
Warmann, Diggle, Marish, Stoor, 60, 29, Male, 58, 1
Valdemar, Galbasi, Shire, Stoor, 76, 35, Male, 85, 4
Merovech, Burrows, Northfarthing, Harfoot, 64, 26, Male, 47, 4
Hubert, Hayward, Buckland, Fallohide, 63, 34, Male, 67, 9
Rathar, Oldbuck, Tuckborough, Fallohide, 81, 28, Male, 38, 3
Gundabald, Goold, Southfarthing, Stoor, 60, 27, Male, 76, 10
Magnachar, Sandheaver, Westmarch, Stoor, 94, 26, Male, 92, 3
Charles, Proudfoot, Bridgefields, Stoor, 63, 24, Male, 75, 6
Odilon, Brockhouse, Eastfarthing, Stoor, 89, 22, Male, 43, 5
Togo, Hlothran, Tookland, Stoor, 88, 32, Male, 47, 1
Hildigrim, Longhole, Woody End, Stoor, 88, 25, Male, 51, 6
Samlad, Headstrong, Bywater, Harfoot, 63, 22, Male, 74, 4
Wilibald, Brandagamba, Woody End, Harfoot, 80, 27, Male, 51, 2
Berenger, Goldworthy, Hobbiton, Fallohide, 72, 21, Male, 72, 7
Gerontius, Gamwich, Shire, Harfoot, 87, 22, Male, 83, 7
Agobard, Gardner, Eastfarthing, Harfoot, 61, 33, Male, 40, 6
Timba, Hayward, Bywater, Harfoot, 92, 20, Male, 43, 10
Taurin, Goodbody, Westfarthing, Stoor, 95, 28, Male, 89, 9
Bladud, Roper, Eastfarthing, Stoor, 99, 27, Male, 50, 6
Alberic, Smallburrow, Tuckborough, Fallohide, 66, 31, Male, 83, 8
Balderic, Hogg, Hobbiton, Harfoot, 95, 30, Male, 83, 3
Theodard, Hlothran, Woody End, Fallohide, 99, 37, Male, 50, 1
Flavus, Hlothran, Bywater, Harfoot, 77, 36, Male, 53, 6
Sago, Burrows, Tookland, Fallohide, 77, 25, Male, 68, 2
Asselin, Greenholm, Bridgefields, Stoor, 83, 28, Male, 33, 7
Gereon, Proudfoot, Woody End, Harfoot, 83, 33, Male, 89, 10
Wulfhard, Longhole, Westmarch, Fallohide, 70, 27, Male, 53, 9
Aregisel, Twofoot, Eastfarthing, Stoor, 60, 22, Male, 64, 7
Hildebald, Headstrong, Westmarch, Stoor, 83, 29, Male, 55, 8
Besso, Hayward, Southfarthing, Stoor, 71, 39, Male, 39, 9
Benild, Gamgee, Buckland, Stoor, 83, 37, Male, 40, 4
Thietmar, Brownlock, Southfarthing, Stoor, 62, 23, Male, 42, 8
Orderic, Chubb, Marish, Stoor, 74, 25, Male, 84, 1
Fortinbras, Maggot, Green Hill, Fallohide, 97, 30, Male, 83, 1
Audovald, Galpsi, Northfarthing, Harfoot, 85, 33, Male, 87, 5
Theodon, Cotton, Tuckborough, Fallohide, 68, 37, Male, 83, 8
Nibelung, Burrows, Marish, Stoor, 73, 31, Male, 74, 9
Gundahar, Tuk, Westmarch, Harfoot, 61, 24, Male, 52, 5
Cyr, Brockhouse, Shire, Harfoot, 66, 28, Male, 34, 6
Butilin, Chubb, Shire, Fallohide, 79, 37, Male, 81, 2
Nick, Goold, Marish, Harfoot, 60, 23, Male, 89, 2
Bucca, Roper, Woody End, Fallohide, 82, 27, Male, 52, 9
Audramnus, Gamgee, Shire, Stoor, 94, 32, Male, 55, 8
Chlodomer, Twofoot, Marish, Stoor, 90, 26, Male, 88, 8
Wilcome, Goodenough, Bywater, Harfoot, 93, 34, Male, 80, 3
Berchar, Fallohide, Northfarthing, Stoor, 88, 21, Male, 34, 4
Fulrad, Rumble, Green Hill, Stoor, 97, 38, Male, 47, 10
Ilberic, Townsend, Buckland, Fallohide, 89, 29, Male, 57, 3
Merry, Pott, Tookland, Harfoot, 89, 33, Male, 35, 6
Marcoul, Rumble, Northfarthing, Stoor, 89, 36, Male, 47, 9
Cottar, Oldbuck, Bridgefields, Fallohide, 71, 27, Male, 44, 8
Theutgaud, Brandagamba, Marish, Fallohide, 76, 25, Male, 90, 7
Walaric, Stoor, Hobbiton, Fallohide, 81, 20, Male, 63, 3
Nicol, Goold, Northfarthing, Fallohide, 80, 35, Male, 86, 8
Nick, Diggle, Green Hill, Fallohide, 83, 32, Male, 36, 10
Marcus, Sandyman, Bywater, Harfoot, 67, 37, Male, 92, 7
Clotaire, Longholes, Woody End, Stoor, 86, 37, Male, 85, 2
Wandregisilus, Zaragamba, Tuckborough, Harfoot, 73, 27, Male, 62, 6
Amator, Gawkroger, Westfarthing, Stoor, 95, 22, Male, 52, 4
Crassus, Proudfoot, Southfarthing, Stoor, 90, 30, Male, 84, 9
Medard, Twofoot, Northfarthing, Fallohide, 88, 31, Male, 58, 10
Sancho, Butcher, Woody End, Harfoot, 92, 21, Male, 89, 6
Fulbert, Brown, Buckland, Stoor, 62, 31, Male, 60, 1
Gozolon, Gamgee, Hobbiton, Fallohide, 86, 27, Male, 66, 5
Gundahar, Burrow, Bridgefields, Harfoot, 74, 35, Male, 40, 1
Hubert, Townsend, Green Hill, Stoor, 86, 23, Male, 82, 6
Bilbo, Baggins, Bridgefields, Stoor, 87, 38, Male, 34, 7
Aregisel, Zaragamba, Westmarch, Harfoot, 74, 30, Male, 36, 2
Wazo, Bracegirdle, Woody End, Stoor, 92, 33, Male, 86, 3
Thierry, Gammidge, Southfarthing, Harfoot, 70, 36, Male, 84, 9
Frodo, Baggins, Westmarch, Fallohide, 90, 36, Male, 54, 9
Peregrin, Tuk, Eastfarthing, Harfoot, 68, 32, Male, 40, 7
Sam, Gamgee, Buckland, Stoor, 72, 37, Male, 90, 3
Merry, Brandybuck, Marish, Fallohide, 84, 38, Male, 83, 5
Berylla, Hlothran, Westmarch, Stoor, 68, 27, Female, 44, 5
Narcissa, Oldbuck, Hobbiton, Harfoot, 95, 34, Female, 55, 7
Amarylla, Burrow, Buckland, Fallohide, 81, 31, Female, 44, 6
Viola, Hogg, Buckland, Harfoot, 66, 33, Female, 91, 8
Camella, Twofoot, Southfarthing, Stoor, 84, 24, Female, 78, 10
Daffodila, Galbasi, Northfarthing, Fallohide, 82, 25, Female, 59, 9
Hilda, Burrows, Hobbiton, Harfoot, 96, 22, Female, 73, 2
Lalia, Harfoot, Tuckborough, Fallohide, 99, 22, Female, 91, 8
Calamintha, Noaks, Green Hill, Stoor, 95, 28, Female, 51, 3
Calaminth, Lightfoot, Green Hill, Harfoot, 77, 20, Female, 88, 4
Peony, Fallohide, Tuckborough, Harfoot, 87, 21, Female, 49, 9
Bell, Sandyman, Northfarthing, Harfoot, 99, 29, Female, 50, 1
Dahlia, Townsend, Marish, Harfoot, 70, 37, Female, 67, 1
Daffodila, Sandyman, Green Hill, Harfoot, 69, 30, Female, 70, 7
Gilly, Burrow, Tuckborough, Fallohide, 87, 28, Female, 75, 9
Dahlia, Hornblower, Eastfarthing, Stoor, 91, 39, Female, 34, 6
Cercis, Gawkroger, Bywater, Stoor, 95, 21, Female, 65, 5
Belba, Galpsi, Northfarthing, Harfoot, 98, 23, Female, 92, 5
Alchemilla, Lightfoot, Northfarthing, Fallohide, 66, 37, Female, 51, 2
Agate, Butcher, Southfarthing, Harfoot, 98, 33, Female, 65, 3
Camella, Longholes, Buckland, Stoor, 86, 23, Female, 53, 6
Anagellis, Goodenough, Bridgefields, Harfoot, 99, 32, Female, 58, 6
Jade, Noaks, Northfarthing, Fallohide, 86, 20, Female, 42, 6
Diamond, Gamgee, Eastfarthing, Fallohide, 86, 21, Female, 62, 9
Celeste, Headstrong, Tuckborough, Fallohide, 80, 34, Female, 61, 2
Lamia, Brockhouse, Green Hill, Harfoot, 88, 32, Female, 82, 10
Peona, Longholes, Northfarthing, Stoor, 65, 39, Female, 89, 2
Celeste, Sandyman, Bywater, Stoor, 75, 29, Female, 67, 9
Virginia, Marsh, Marish, Stoor, 66, 33, Female, 77, 4
Lyla, Goold, Westmarch, Stoor, 70, 20, Female, 58, 8
Amsonia, Goold, Marish, Stoor, 60, 25, Female, 51, 8
Canna, Longhole, Southfarthing, Harfoot, 91, 32, Female, 72, 9
Diamond, Proudfoot, Tuckborough, Harfoot, 70, 37, Female, 41, 2
Hildibrand, Twofoot, Bywater, Fallohide, 79, 25, Female, 57, 10
Gilly, Galpsi, Bridgefields, Harfoot, 72, 28, Female, 86, 4
Nemisa, Pott, Green Hill, Fallohide, 64, 37, Female, 85, 2
Angelona, Burrow, Westfarthing, Harfoot, 91, 34, Female, 74, 4
Hanna, Lightfoot, Westfarthing, Harfoot, 72, 34, Female, 59, 6
Belladonna, Bunce, Green Hill, Fallohide, 71, 24, Female, 58, 6
Calla, Burrows, Green Hill, Harfoot, 77, 24, Female, 55, 2
Calla, Fallohide, Southfarthing, Stoor, 90, 39, Female, 44, 8
Celosia, Longholes, Woody End, Harfoot, 69, 37, Female, 91, 4
Chica, Greenholm, Buckland, Harfoot, 97, 36, Female, 60, 7
Melilot, Sandheaver, Hobbiton, Fallohide, 67, 37, Female, 46, 4
Emerald, Underhill, Westfarthing, Fallohide, 99, 36, Female, 39, 7
Crocosmia, Oldbuck, Westfarthing, Harfoot, 89, 36, Female, 63, 6
Heather, Burrow, Southfarthing, Stoor, 98, 25, Female, 68, 9
Sapphire, Stoor, Buckland, Stoor, 63, 34, Female, 51, 10
Berylla, Longholes, Eastfarthing, Harfoot, 87, 37, Female, 37, 5
Gerbera, Whitfoot, Eastfarthing, Harfoot, 83, 20, Female, 82, 1
Camomile, Noaks, Eastfarthing, Fallohide, 87, 36, Female, 52, 6
Gaura, Longhole, Southfarthing, Stoor, 85, 37, Female, 49, 4
Camassia, Goold, Westmarch, Harfoot, 73, 23, Female, 56, 2
Lavender, Proudfoot, Buckland, Harfoot, 96, 25, Female, 81, 1
Ruby, Hayward, Bridgefields, Harfoot, 69, 36, Female, 85, 7
Petunia, Banks, Tookland, Fallohide, 89, 22, Female, 67, 5
Verbena, Sackville, Eastfarthing, Stoor, 93, 36, Female, 34, 1
Dandelion, Puddifoot, Bywater, Harfoot, 73, 24, Female, 50, 5
Peona, Gamwich, Green Hill, Harfoot, 74, 34, Female, 62, 1
Anemone, Rumble, Bridgefields, Fallohide, 82, 32, Female, 78, 4
Opal, Pott, Tuckborough, Harfoot, 61, 34, Female, 72, 2
Azalea, Tuk, Northfarthing, Harfoot, 60, 22, Female, 88, 6
Primula, Goldworthy, Buckland, Fallohide, 63, 25, Female, 39, 4
Belba, Longholes, Hobbiton, Stoor, 81, 35, Female, 57, 6
Canna, Smallburrow, Hobbiton, Stoor, 70, 38, Female, 43, 3
Malva, Tunnelly, Northfarthing, Harfoot, 93, 36, Female, 47, 3
Celeste, Gammidge, Tuckborough, Harfoot, 94, 27, Female, 63, 10
Dianthus, Lightfoot, Shire, Fallohide, 78, 35, Female, 61, 10
Monarda, Smallburrow, Bywater, Stoor, 71, 28, Female, 42, 7
Malva, Tunnelly, Westfarthing, Harfoot, 63, 21, Female, 85, 8
Brunnera, Gardner, Westfarthing, Fallohide, 80, 35, Female, 82, 6
Zinnia, Headstrong, Tookland, Harfoot, 69, 30, Female, 81, 7
Cercis, Chubb, Southfarthing, Harfoot, 78, 28, Female, 44, 6
Maple, Mugwort, Buckland, Fallohide, 77, 28, Female, 82, 10
Belladonna, Smallburrow, Northfarthing, Stoor, 69, 32, Female, 61, 3
Iris, Gammidge, Eastfarthing, Harfoot, 82, 38, Female, 71, 4
Elanor, Stoor, Tuckborough, Stoor, 83, 23, Female, 72, 4
Pimpernel, Cotton, Southfarthing, Stoor, 92, 22, Female, 81, 4
Narcissa, Greenholm, Buckland, Fallohide, 66, 39, Female, 90, 1
Adamanta, Longhole, Southfarthing, Fallohide, 97, 27, Female, 48, 9
Gazania, Meadows, Westfarthing, Stoor, 89, 38, Female, 76, 6
Dandelia, Rumble, Bywater, Harfoot, 69, 27, Female, 40, 1
Anagelli, Pott, Southfarthing, Harfoot, 88, 21, Female, 39, 10
Hilda, Whitfoot, Tuckborough, Harfoot, 71, 25, Female, 47, 7
Lyla, Roper, Shire, Stoor, 85, 24, Female, 91, 10
Beryl, Whitfoot, Bridgefields, Fallohide, 76, 26, Female, 56, 9
Calla, Goodenough, Westmarch, Fallohide, 79, 28, Female, 34, 1
Crocosmia, Greenhand, Westmarch, Stoor, 88, 27, Female, 86, 4
Camassia, Diggle, Tuckborough, Fallohide, 96, 32, Female, 77, 3
Cosma, Cotton, Woody End, Stoor, 98, 35, Female, 79, 2
Anagelli, Tunnelly, Tookland, Fallohide, 90, 26, Female, 45, 5
Belladonna, Marsh, Marish, Stoor, 95, 22, Female, 38, 8
Celosia, Pott, Green Hill, Fallohide, 87, 32, Female, 48, 4
Pimpanella, Clayhanger, Westfarthing, Fallohide, 83, 37, Female, 73, 8
Lily, Burrowes, Shire, Fallohide, 70, 23, Female, 55, 5
Brunnera, Brownlock, Southfarthing, Harfoot, 77, 24, Female, 75, 4
Belladonna, Brockhouse, Tookland, Fallohide, 68, 20, Female, 50, 7
Pearl, Hornblower, Northfarthing, Stoor, 78, 25, Female, 49, 5
Heliconia, Stoor, Northfarthing, Fallohide, 73, 24, Female, 49, 9
Celosa, Sandheaver, Tuckborough, Harfoot, 93, 20, Female, 69, 8
Diamond, Brandagamba, Eastfarthing, Fallohide, 70, 20, Female, 36, 8
Malva, Goold, Buckland, Fallohide, 83, 34, Female, 88, 10
Gaura, Underhill, Bridgefields, Harfoot, 91, 26, Female, 64, 1
Gerania, Galpsi, Tuckborough, Harfoot, 81, 25, Female, 55, 9
Veronica, Twofoot, Hobbiton, Harfoot, 82, 35, Female, 63, 7
Coryda, Roper, Marish, Fallohide, 91, 21, Female, 78, 3
Celosa, Cotton, Northfarthing, Fallohide, 65, 33, Female, 39, 2
Begona, Brockhouse, Marish, Stoor, 62, 28, Female, 84, 2
Viola, Underhill, Eastfarthing, Stoor, 99, 36, Female, 70, 6
Lotus, Townsend, Westmarch, Stoor, 65, 34, Female, 82, 9
Heliconia, Burrowes, Marish, Stoor, 81, 27, Female, 65, 8
Lily, Diggle, Bridgefields, Stoor, 73, 28, Female, 64, 10
Amarantha, Goodbody, Buckland, Fallohide, 87, 28, Female, 68, 5
Malva, Cotton, Eastfarthing, Fallohide, 97, 25, Female, 41, 4
Calceola, Gardner, Tuckborough, Fallohide, 96, 27, Female, 89, 10
Pearl, Chubb, Green Hill, Stoor, 70, 25, Female, 88, 5
Calendine, Labingi, Bridgefields, Stoor, 60, 33, Female, 60, 8
Cleome, Maggot, Westfarthing, Harfoot, 95, 36, Female, 90, 10
Heliconia, Longhole, Tuckborough, Fallohide, 72, 31, Female, 36, 2
Jasmina, Took, Bridgefields, Harfoot, 91, 34, Female, 77, 8
Diascia, Oldbuck, Bridgefields, Fallohide, 98, 38, Female, 34, 7
Holly, Goold, Westmarch, Harfoot, 78, 39, Female, 64, 6
Cleoma, Brownlock, Southfarthing, Fallohide, 64, 36, Female, 75, 10
Eglantine, Whitfoot, Eastfarthing, Harfoot, 87, 24, Female, 82, 4
Amsonia, Gardner, Marish, Stoor, 74, 34, Female, 37, 7
Lonicera, Bolger, Hobbiton, Stoor, 85, 21, Female, 33, 2
Dicentra, Bolger, Westfarthing, Fallohide, 85, 23, Female, 62, 6
Eglantine, Harfoot, Southfarthing, Stoor, 65, 27, Female, 44, 9
Chica, Labingi, Tuckborough, Stoor, 93, 33, Female, 66, 9
Narcissa, Burrow, Tookland, Harfoot, 93, 38, Female, 35, 8
Jasmina, Mugwort, Buckland, Harfoot, 90, 21, Female, 33, 7
Diascia, Longhole, Woody End, Harfoot, 87, 20, Female, 60, 9
Camellia, Burrow, Shire, Harfoot, 95, 25, Female, 39, 1
Viola, Butcher, Tookland, Stoor, 67, 33, Female, 34, 5
Daffodila, Gamwich, Bridgefields, Harfoot, 95, 39, Female, 85, 2
Malva, Hornblower, Shire, Stoor, 69, 21, Female, 44, 5
Alyssa, Puddifoot, Westfarthing, Harfoot, 90, 34, Female, 86, 1
Myrtle, Hayward, Buckland, Stoor, 79, 36, Female, 64, 5
Adaldrida, Greenhand, Bywater, Fallohide, 86, 38, Female, 74, 7
Lamia, Gardner, Eastfarthing, Stoor, 81, 24, Female, 73, 8
Peona, Gamwich, Buckland, Stoor, 78, 24, Female, 53, 10
Emerald, Hlothran, Northfarthing, Stoor, 80, 21, Female, 67, 10
Lobelia, Goodenough, Woody End, Fallohide, 88, 34, Female, 77, 8
Gilly, Cotton, Green Hill, Fallohide, 94, 23, Female, 39, 10
Elanor, Brandybuck, Bridgefields, Fallohide, 97, 23, Female, 65, 9
Tulip, Brown, Bywater, Fallohide, 87, 35, Female, 49, 8
Camomila, Maggot, Bywater, Fallohide, 86, 30, Female, 54, 10
Calla, Oldbuck, Bridgefields, Harfoot, 90, 29, Female, 72, 10
Calamintha, Greenholm, Shire, Stoor, 72, 36, Female, 48, 4
Amaryllis, Hogg, Northfarthing, Harfoot, 70, 21, Female, 71, 1
Camomila, Burrowes, Westmarch, Stoor, 70, 34, Female, 42, 4
Melilot, Goodenough, Bywater, Stoor, 61, 28, Female, 58, 9
Primula, Banks, Marish, Stoor, 91, 30, Female, 67, 3
Lamia, Longhole, Buckland, Fallohide, 79, 22, Female, 51, 10
Veronica, Puddifoot, Woody End, Harfoot, 68, 33, Female, 65, 7
Gardenia, Goldworthy, Bywater, Stoor, 64, 31, Female, 51, 4
Chica, Gardner, Northfarthing, Stoor, 76, 21, Female, 91, 9
Poinsetta, Gawkroger, Bridgefields, Harfoot, 79, 31, Female, 65, 9
Laura, Labingi, Westfarthing, Fallohide, 88, 34, Female, 68, 4
Forsythia, Whitfoot, Westfarthing, Fallohide, 64, 21, Female, 59, 10
Gladiola, Meadows, Green Hill, Harfoot, 79, 35, Female, 50, 9
Forsythia, Fairbairn, Tuckborough, Harfoot, 66, 20, Female, 55, 4
Eranthis, Headstrong, Shire, Fallohide, 67, 34, Female, 71, 7
Begonia, Tuk, Northfarthing, Harfoot, 84, 38, Female, 72, 10
Achilla, Cotton, Tuckborough, Fallohide, 76, 27, Female, 64, 10
Diascia, Sandyman, Eastfarthing, Stoor, 73, 39, Female, 38, 3
Dianthus, Boffin, Buckland, Harfoot, 95, 32, Female, 70, 10
Hildibrand, Hayward, Southfarthing, Harfoot, 97, 25, Female, 91, 1
Lobelia, Burrow, Tuckborough, Fallohide, 96, 38, Female, 51, 1
Lantana, Smallburrow, Buckland, Fallohide, 71, 38, Female, 91, 4
Berylla, Clayhanger, Bywater, Fallohide, 71, 24, Female, 85, 3
Angelica, Whitfoot, Westmarch, Fallohide, 98, 29, Female, 56, 5
Dandelion, Mugwort, Hobbiton, Harfoot, 81, 24, Female, 60, 3
Camomile, Stoor, Eastfarthing, Harfoot, 65, 28, Female, 57, 1
Cleoma, Stoor, Westfarthing, Fallohide, 98, 24, Female, 45, 8
Peona, Gawkroger, Northfarthing, Harfoot, 64, 39, Female, 62, 10
Iris, Chubb, Green Hill, Fallohide, 76, 20, Female, 61, 7
Belladonna, Took, Southfarthing, Fallohide, 84, 33, Female, 43, 1
Hildigrim, Gamwich, Hobbiton, Fallohide, 65, 27, Female, 76, 9
Myrtle, Galpsi, Westfarthing, Stoor, 97, 31, Female, 85, 2
Canna, Diggle, Westfarthing, Fallohide, 93, 32, Female, 72, 6
Achilla, Twofoot, Shire, Harfoot, 76, 24, Female, 68, 6
Lobelia, Harfoot, Bywater, Stoor, 96, 38, Female, 40, 9
Melilot, Hogg, Green Hill, Stoor, 95, 35, Female, 47, 8
Jasmina, Mugwort, Bridgefields, Harfoot, 84, 27, Female, 92, 1
Estella, Galbasi, Green Hill, Harfoot, 70, 30, Female, 79, 10
Jasmina, Marsh, Woody End, Stoor, 84, 22, Female, 49, 8
Rose, Longhole, Eastfarthing, Fallohide, 62, 22, Female, 38, 3
Pearl, Goodbody, Tuckborough, Harfoot, 64, 29, Female, 65, 2
Hanna, Mugwort, Woody End, Harfoot, 79, 36, Female, 43, 7
Mahonia, Brockhouse, Westmarch, Stoor, 86, 25, Female, 52, 5
Dora, Chubb, Westmarch, Fallohide, 96, 24, Female, 75, 1
Agate, Zaragamba, Westmarch, Harfoot, 78, 38, Female, 84, 7
Lyla, Twofoot, Bywater, Fallohide, 73, 38, Female, 78, 10
Calyca, Brownlock, Woody End, Harfoot, 87, 37, Female, 54, 1
Dahlia, Twofoot, Bywater, Fallohide, 85, 32, Female, 73, 4
Canna, Bophin, Shire, Stoor, 71, 38, Female, 70, 8
Berylla, Labingi, Westmarch, Harfoot, 94, 33, Female, 56, 9
Calaminth, Brandybuck, Eastfarthing, Stoor, 90, 30, Female, 81, 6
Rosa, Headstrong, Green Hill, Harfoot, 62, 32, Female, 39, 10
Clover, Fairbairn, Woody End, Fallohide, 71, 22, Female, 42, 5
Cercis, Whitfoot, Woody End, Fallohide, 95, 26, Female, 68, 4
Peony, Hlothran, Buckland, Fallohide, 97, 24, Female, 41, 9
Lyla, Townsend, Tuckborough, Stoor, 66, 33, Female, 42, 5
Gladiola, Gamgee, Green Hill, Fallohide, 67, 22, Female, 81, 4
Lunaria, Burrows, Northfarthing, Fallohide, 93, 31, Female, 68, 8
Viola, Sandyman, Southfarthing, Harfoot, 67, 38, Female, 74, 9
Lalia, Hlothran, Southfarthing, Stoor, 91, 23, Female, 86, 7
Garnette, Marsh, Eastfarthing, Harfoot, 80, 31, Female, 48, 1
Datura, Sandheaver, Eastfarthing, Harfoot, 77, 26, Female, 56, 6
Pimpernel, Stoor, Bywater, Stoor, 88, 27, Female, 48, 3
Anagelli, Marsh, Tuckborough, Fallohide, 69, 37, Female, 66, 6
Meadow, Noaks, Bridgefields, Fallohide, 84, 31, Female, 87, 7
Gerbera, Burrows, Shire, Fallohide, 76, 21, Female, 91, 8
Celeste, Marsh, Shire, Stoor, 73, 29, Female, 88, 10
Narcissa, Marsh, Bywater, Harfoot, 96, 34, Female, 84, 5
Verbena, Greenholm, Green Hill, Harfoot, 66, 24, Female, 75, 4
Gaura, Brandagamba, Bridgefields, Stoor, 97, 37, Female, 91, 7
Anagellis, Gawkroger, Bridgefields, Fallohide, 86, 24, Female, 71, 4
Hanna, Sandheaver, Green Hill, Stoor, 86, 28, Female, 85, 5
Catalpa, Hayward, Tookland, Stoor, 81, 35, Female, 85, 4
Clematis, Hayward, Woody End, Stoor, 82, 36, Female, 83, 4
Dandelion, Brandagamba, Bridgefields, Stoor, 99, 31, Female, 33, 8
Nemisa, Zaragamba, Eastfarthing, Stoor, 80, 24, Female, 58, 5
Liatris, Goodenough, Shire, Stoor, 80, 28, Female, 88, 8
Lavenda, Goldworthy, Tookland, Fallohide, 69, 39, Female, 46, 5
Melilot, Harfoot, Bridgefields, Stoor, 91, 39, Female, 64, 8
Liatra, Underhill, Green Hill, Fallohide, 81, 33, Female, 77, 2
Monarda, Stoor, Northfarthing, Harfoot, 60, 36, Female, 79, 4
Brodia, Bracegirdle, Shire, Harfoot, 93, 29, Female, 50, 2
Hilda, Sandyman, Southfarthing, Stoor, 87, 23, Female, 35, 2
Lavender, Underhill, Tookland, Stoor, 63, 36, Female, 47, 7
Petunia, Brockhouse, Westfarthing, Harfoot, 85, 33, Female, 75, 2
Dianthus, Clayhanger, Marish, Stoor, 67, 34, Female, 42, 3
Lobelia, Goodchild, Southfarthing, Stoor, 63, 27, Female, 67, 1
Meadow, Lightfoot, Northfarthing, Fallohide, 83, 29, Female, 77, 9
Clematis, Gamwich, Marish, Harfoot, 80, 27, Female, 60, 2
Nemisa, Gawkroger, Southfarthing, Harfoot, 75, 25, Female, 59, 10
Catalpa, Tuk, Northfarthing, Fallohide, 61, 34, Female, 67, 9
Belba, Maggot, Southfarthing, Harfoot, 86, 28, Female, 41, 4
Dianthus, Underhill, Northfarthing, Fallohide, 95, 25, Female, 57, 5
Meadow, Goldworthy, Eastfarthing, Fallohide, 98, 28, Female, 42, 10
Lysima, Bolger, Buckland, Stoor, 95, 35, Female, 86, 10
Liatra, Bolger, Woody End, Harfoot, 92, 34, Female, 44, 5
Calendine, Pott, Green Hill, Fallohide, 64, 37, Female, 90, 10
Donnamira, Brockhouse, Eastfarthing, Harfoot, 78, 35, Female, 92, 5
Garnette, Whitfoot, Bridgefields, Stoor, 97, 26, Female, 66, 1
Lila, Labingi, Tookland, Fallohide, 90, 27, Female, 41, 9
Adaldrida, Roper, Bywater, Stoor, 99, 35, Female, 43, 9
Brunnera, Burrowes, Eastfarthing, Harfoot, 61, 20, Female, 61, 9
Opal, Bolger, Eastfarthing, Fallohide, 61, 22, Female, 46, 1
Primrose, Fairbairn, Bridgefields, Harfoot, 67, 25, Female, 69, 5
Rosa, Tunnelly, Westmarch, Fallohide, 83, 31, Female, 55, 2
Opal, Goodenough, Buckland, Stoor, 93, 20, Female, 58, 3
Dandelia, Clayhanger, Bywater, Harfoot, 93, 30, Female, 45, 2
Salvia, Hayward, Tookland, Harfoot, 65, 33, Female, 79, 2
Daisy, Marsh, Eastfarthing, Harfoot, 85, 38, Female, 50, 3
Rose, Bolger, Green Hill, Stoor, 64, 29, Female, 83, 6
Heliconia, Brockhouse, Hobbiton, Fallohide, 84, 39, Female, 54, 10
Meadow, Whitfoot, Southfarthing, Stoor, 75, 30, Female, 82, 10
Lotus, Hornblower, Tuckborough, Harfoot, 85, 29, Female, 55, 9
Tulip, Rumble, Shire, Fallohide, 92, 25, Female, 85, 1
Asphodel, Pott, Eastfarthing, Harfoot, 61, 39, Female, 61, 9
Adaldrida, Goodbody, Shire, Fallohide, 64, 20, Female, 68, 4
Anagella, Brandybuck, Buckland, Stoor, 78, 22, Female, 69, 2
Pearl, Headstrong, Green Hill, Harfoot, 67, 20, Female, 78, 6
Poinsetta, Whitfoot, Tookland, Stoor, 70, 34, Female, 86, 5
Azalea, Greenhand, Westfarthing, Stoor, 94, 37, Female, 68, 2
Laura, Brockhouse, Marish, Harfoot, 79, 20, Female, 76, 1
Esmerelda, Smallburrow, Tuckborough, Stoor, 92, 30, Female, 88, 2
Monarda, Oldbuck, Green Hill, Harfoot, 95, 28, Female, 52, 10
Allia, Butcher, Hobbiton, Harfoot, 89, 24, Female, 50, 3
Adamanta, Labingi, Tuckborough, Harfoot, 87, 29, Female, 55, 6
Nigella, Pott, Tuckborough, Stoor, 69, 20, Female, 90, 4
Angelica, Zaragamba, Tookland, Fallohide, 92, 28, Female, 77, 4
Sapphire, Lightfoot, Tuckborough, Harfoot, 79, 23, Female, 78, 1
Gilly, Harfoot, Buckland, Harfoot, 91, 32, Female, 37, 2
Adamanta, Greenhand, Marish, Harfoot, 86, 27, Female, 82, 4
Lily, Gammidge, Southfarthing, Stoor, 68, 26, Female, 54, 9
Cleome, Goodbody, Southfarthing, Stoor, 78, 32, Female, 51, 2
Zinnia, Banks, Northfarthing, Stoor, 76, 39, Female, 41, 6
Begona, Harfoot, Shire, Stoor, 81, 27, Female, 90, 3
Celesta, Harfoot, Woody End, Harfoot, 60, 31, Female, 66, 4
Anagellis, Mugwort, Eastfarthing, Fallohide, 93, 20, Female, 39, 6
Cercis, Took, Tuckborough, Stoor, 71, 30, Female, 78, 9
Adamanta, Twofoot, Westfarthing, Fallohide, 60, 32, Female, 40, 6
Hyacynth, Gammidge, Woody End, Harfoot, 97, 23, Female, 86, 6
Dicentra, Boffin, Southfarthing, Harfoot, 67, 23, Female, 68, 4
Opal, Bolger, Southfarthing, Stoor, 92, 32, Female, 67, 2
Nigella, Tuk, Bywater, Stoor, 77, 32, Female, 33, 2
Peony, Stoor, Bridgefields, Harfoot, 65, 35, Female, 91, 1
Silene, Galpsi, Shire, Fallohide, 86, 32, Female, 61, 10
Gazania, Pott, Green Hill, Fallohide, 62, 26, Female, 46, 9
Amaranth, Tuk, Green Hill, Stoor, 89, 29, Female, 75, 4
Berylla, Burrowes, Hobbiton, Fallohide, 75, 29, Female, 80, 3
Valera, Banks, Green Hill, Fallohide, 72, 20, Female, 75, 8
Marigold, Took, Green Hill, Harfoot, 97, 30, Female, 59, 7
Liatra, Greenholm, Hobbiton, Stoor, 81, 24, Female, 46, 4
Calaminth, Goodbody, Tuckborough, Harfoot, 67, 30, Female, 81, 3
Angelona, Greenholm, Westfarthing, Harfoot, 67, 25, Female, 50, 3
Diascia, Tuk, Woody End, Harfoot, 70, 20, Female, 52, 1
Diamond, Butcher, Tookland, Fallohide, 83, 25, Female, 47, 3
Maple, Butcher, Hobbiton, Fallohide, 76, 36, Female, 83, 2
Camella, Banks, Northfarthing, Stoor, 86, 21, Female, 65, 2
Dora, Sandheaver, Westmarch, Stoor, 78, 33, Female, 54, 7
Pearl, Fairbairn, Northfarthing, Stoor, 65, 37, Female, 51, 10
Jasmina, Gamwich, Hobbiton, Fallohide, 61, 20, Female, 49, 4
Sapphire, Gammidge, Southfarthing, Stoor, 90, 25, Female, 73, 5
Agate, Galpsi, Bywater, Stoor, 76, 39, Female, 39, 3
Lavender, Bophin, Southfarthing, Fallohide, 88, 29, Female, 52, 4
Forsythia, Roper, Buckland, Harfoot, 87, 28, Female, 77, 2
Lalia, Proudfoot, Westmarch, Fallohide, 79, 27, Female, 67, 9
Scilla, Gamwich, Bywater, Harfoot, 68, 38, Female, 59, 9
Adaldrida, Twofoot, Bywater, Harfoot, 91, 29, Female, 57, 2
Calaminth, Butcher, Bywater, Fallohide, 73, 37, Female, 64, 8
Camomila, Chubb, Woody End, Stoor, 84, 32, Female, 92, 1
Estella, Puddifoot, Shire, Stoor, 67, 23, Female, 70, 4
Jasmina, Goldworthy, Buckland, Stoor, 88, 20, Female, 52, 5
Lavenda, Hogg, Westmarch, Harfoot, 76, 33, Female, 72, 1
Opal, Longhole, Westfarthing, Fallohide, 60, 29, Female, 40, 7
Laura, Brown, Southfarthing, Fallohide, 94, 35, Female, 38, 4
Lyla, Proudfoot, Woody End, Harfoot, 77, 35, Female, 63, 9
Pimpanella, Burrows, Shire, Stoor, 74, 23, Female, 44, 3
Hanna, Burrow, Marish, Stoor, 88, 34, Female, 69, 9
Brunnera, Brandybuck, Bywater, Harfoot, 73, 23, Female, 33, 7
Peony, Labingi, Shire, Fallohide, 97, 27, Female, 82, 1
Beryl, Baggins, Westfarthing, Fallohide, 87, 33, Female, 68, 2
Achilla, Lightfoot, Tuckborough, Harfoot, 76, 33, Female, 34, 5
Lantana, Brockhouse, Southfarthing, Stoor, 74, 28, Female, 63, 9
Anagelli, Butcher, Woody End, Stoor, 61, 36, Female, 39, 10
Alyssa, Bracegirdle, Woody End, Fallohide, 89, 39, Female, 90, 3
Amsonia, Pott, Tuckborough, Stoor, 82, 20, Female, 39, 3
Agate, Tuk, Marish, Fallohide, 90, 35, Female, 46, 1
Dora, Sackville, Buckland, Fallohide, 88, 33, Female, 89, 9
Hyacynth, Hornblower, Tuckborough, Fallohide, 96, 26, Female, 64, 3
Holly, Galbasi, Green Hill, Stoor, 97, 23, Female, 49, 1
Hildibrand, Mugwort, Shire, Harfoot, 99, 37, Female, 79, 9
Catalpa, Bolger, Bywater, Fallohide, 95, 28, Female, 38, 1
Tanta, Oldbuck, Eastfarthing, Stoor, 82, 31, Female, 63, 4
Tulip, Hogg, Tuckborough, Fallohide, 73, 21, Female, 85, 9
Primula, Harfoot, Tookland, Harfoot, 84, 25, Female, 69, 7
Primula, Banks, Westmarch, Harfoot, 98, 38, Female, 64, 10
Melilot, Bracegirdle, Tuckborough, Stoor, 73, 39, Female, 72, 1
Rose, Burrow, Eastfarthing, Harfoot, 84, 33, Female, 43, 8
Lysima, Clayhanger, Tuckborough, Stoor, 65, 20, Female, 45, 3
Peona, Cotton, Bywater, Stoor, 82, 24, Female, 38, 2
Gaura, Cotton, Northfarthing, Fallohide, 77, 23, Female, 41, 4
Angelica, Bunce, Buckland, Fallohide, 94, 29, Female, 67, 6
Nemisia, Fallohide, Shire, Fallohide, 66, 38, Female, 39, 9
Peony, Lightfoot, Eastfarthing, Stoor, 74, 28, Female, 34, 7
Meadow, Gammidge, Southfarthing, Stoor, 65, 22, Female, 61, 5
Linaria, Hornblower, Buckland, Stoor, 89, 29, Female, 62, 4
Nemisia, Twofoot, Westmarch, Harfoot, 67, 23, Female, 78, 7
Dora, Took, Green Hill, Harfoot, 74, 28, Female, 61, 8
Ruby, Longhole, Tookland, Harfoot, 80, 31, Female, 51, 5
Camella, Tuk, Southfarthing, Stoor, 83, 24, Female, 40, 8
Amsonia, Underhill, Marish, Fallohide, 93, 31, Female, 49, 10
Holly, Headstrong, Tuckborough, Harfoot, 89, 36, Female, 67, 3
Bessera, Hayward, Hobbiton, Fallohide, 60, 35, Female, 44, 4
Diascia, Greenhand, Westmarch, Fallohide, 94, 35, Female, 73, 3
Dahlia, Hlothran, Bywater, Harfoot, 75, 23, Female, 88, 8
Amaryllis, Labingi, Northfarthing, Fallohide, 91, 29, Female, 91, 3
Amaryllis, Stoor, Buckland, Fallohide, 93, 38, Female, 56, 5
Rowan, Tuk, Buckland, Stoor, 76, 26, Female, 38, 1
Peony, Burrow, Southfarthing, Fallohide, 95, 21, Female, 43, 7
Cerasta, Boffin, Tookland, Harfoot, 61, 37, Female, 43, 6
Gladiola, Whitfoot, Green Hill, Harfoot, 77, 25, Female, 73, 6
Calla, Bracegirdle, Hobbiton, Harfoot, 95, 24, Female, 58, 8
Zinnia, Stoor, Hobbiton, Fallohide, 85, 34, Female, 47, 10
Celosia, Chubb, Hobbiton, Fallohide, 92, 33, Female, 48, 1
Estella, Goold, Green Hill, Fallohide, 84, 26, Female, 86, 8
Poppy, Greenholm, Westmarch, Fallohide, 66, 27, Female, 55, 5
Gerania, Cotton, Bywater, Fallohide, 60, 32, Female, 63, 7
Petunia, Greenhand, Hobbiton, Harfoot, 84, 38, Female, 83, 6
Celeste, Bunce, Northfarthing, Harfoot, 89, 36, Female, 64, 3
Achilla, Pott, Westfarthing, Fallohide, 89, 39, Female, 75, 8
Iris, Mugwort, Westfarthing, Harfoot, 67, 38, Female, 40, 9
Lunaria, Smallburrow, Woody End, Harfoot, 88, 30, Female, 77, 3
Cleoma, Gamwich, Woody End, Stoor, 71, 38, Female, 54, 10
Goldilocks, Pott, Northfarthing, Fallohide, 66, 27, Female, 67, 9
Achilla, Burrow, Buckland, Stoor, 90, 25, Female, 66, 3
Gardenia, Smallburrow, Westmarch, Fallohide, 78, 38, Female, 86, 2
Holly, Gawkroger, Northfarthing, Stoor, 63, 21, Female, 46, 7
Lonicera, Hayward, Woody End, Fallohide, 96, 38, Female, 89, 4
Lunaria, Bolger, Eastfarthing, Fallohide, 67, 30, Female, 88, 1
Monarda, Labingi, Eastfarthing, Harfoot, 97, 23, Female, 58, 1
Gardenia, Sackville, Eastfarthing, Fallohide, 99, 39, Female, 65, 7
Calceola, Lightfoot, Tuckborough, Fallohide, 62, 27, Female, 73, 10
Dahlia, Burrowes, Woody End, Harfoot, 60, 39, Female, 55, 2
Hyacinth, Goodenough, Buckland, Stoor, 67, 23, Female, 43, 1
Cerasta, Sandheaver, Green Hill, Harfoot, 61, 21, Female, 52, 9
Cleoma, Goodchild, Bywater, Fallohide, 68, 23, Female, 64, 6
Gazania, Bunce, Bywater, Stoor, 77, 28, Female, 34, 4
Dicentra, Mugwort, Marish, Harfoot, 96, 22, Female, 56, 2
Monarda, Hornblower, Marish, Fallohide, 85, 31, Female, 50, 10
Celosia, Rumble, Bridgefields, Harfoot, 94, 28, Female, 78, 10
Salva, Clayhanger, Shire, Stoor, 66, 30, Female, 61, 10
Gazania, Goodchild, Southfarthing, Stoor, 67, 39, Female, 52, 5
Agate, Banks, Bridgefields, Stoor, 73, 30, Female, 35, 7
Amaranth, Goodenough, Marish, Fallohide, 62, 21, Female, 62, 10
Maple, Harfoot, Shire, Stoor, 63, 22, Female, 89, 7
Anagellis, Rumble, Westmarch, Stoor, 93, 38, Female, 45, 1
Eranthis, Proudfoot, Southfarthing, Fallohide, 61, 26, Female, 90, 7
Holly, Bunce, Westfarthing, Stoor, 66, 32, Female, 65, 6
Magnolia, Maggot, Eastfarthing, Stoor, 77, 33, Female, 68, 6
Anagella, Underhill, Shire, Stoor, 95, 27, Female, 83, 6
Eglantine, Tunnelly, Westfarthing, Fallohide, 62, 33, Female, 62, 1
Esmerelda, Sackville, Northfarthing, Harfoot, 67, 25, Female, 71, 9
Celosa, Labingi, Southfarthing, Stoor, 81, 25, Female, 86, 6
Caltha, Brandybuck, Northfarthing, Stoor, 73, 27, Female, 68, 7
Primrose, Diggle, Bridgefields, Stoor, 86, 23, Female, 53, 2
Lily, Mugwort, Hobbiton, Stoor, 87, 34, Female, 40, 5
Gladiola, Maggot, Hobbiton, Stoor, 75, 36, Female, 77, 7
Nemisa, Hlothran, Tookland, Stoor, 95, 23, Female, 64, 5
Poinsetta, Fallohide, Eastfarthing, Fallohide, 90, 23, Female, 35, 9
Angelica, Goodbody, Northfarthing, Stoor, 66, 33, Female, 43, 1
Myrtle, Bophin, Bridgefields, Harfoot, 76, 23, Female, 78, 1
Mahonia, Goodbody, Westfarthing, Fallohide, 77, 32, Female, 40, 7
Lobelia, Gamwich, Tuckborough, Stoor, 95, 27, Female, 82, 4
Holly, Bracegirdle, Woody End, Fallohide, 89, 30, Female, 80, 5
Gilly, Marsh, Tuckborough, Harfoot, 67, 31, Female, 50, 1
Gerbera, Cotton, Northfarthing, Stoor, 67, 36, Female, 79, 4
Marigold, Stoor, Westfarthing, Fallohide, 74, 26, Female, 59, 1
Adamanta, Gawkroger, Green Hill, Stoor, 63, 26, Female, 47, 9
Catalpa, Galbasi, Hobbiton, Stoor, 97, 39, Female, 33, 3
Lunaria, Townsend, Westmarch, Fallohide, 71, 39, Female, 77, 5
Melilot, Brockhouse, Southfarthing, Fallohide, 85, 30, Female, 53, 8
Monarda, Pott, Green Hill, Harfoot, 75, 33, Female, 72, 8
Iris, Gamwich, Northfarthing, Stoor, 70, 23, Female, 86, 2
Amarylla, Burrowes, Southfarthing, Stoor, 92, 31, Female, 62, 9
Lantana, Clayhanger, Tookland, Stoor, 76, 37, Female, 37, 6
Pimpernel, Proudfoot, Hobbiton, Harfoot, 67, 28, Female, 49, 9
Hilda, Banks, Buckland, Harfoot, 83, 32, Female, 66, 9
Forsythia, Pott, Eastfarthing, Harfoot, 71, 21, Female, 67, 2
Corna, Pott, Green Hill, Harfoot, 75, 37, Female, 82, 10
Anagelli, Whitfoot, Marish, Stoor, 88, 29, Female, 38, 3
Gerania, Tunnelly, Green Hill, Stoor, 78, 23, Female, 48, 6
Datura, Longhole, Bridgefields, Harfoot, 67, 23, Female, 69, 9
Hilda, Goodbody, Westmarch, Harfoot, 72, 33, Female, 84, 9
Daisy, Townsend, Shire, Harfoot, 64, 26, Female, 58, 1
Marigold, Puddifoot, Green Hill, Stoor, 86, 28, Female, 43, 2
Cleome, Pott, Buckland, Fallohide, 83, 26, Female, 92, 2
Brunnera, Galbasi, Westmarch, Stoor, 88, 30, Female, 76, 6
Calaminth, Puddifoot, Woody End, Harfoot, 75, 34, Female, 35, 9
Gladiola, Marsh, Shire, Harfoot, 84, 37, Female, 49, 9
Gilly, Twofoot, Bridgefields, Stoor, 70, 30, Female, 37, 10
Rowan, Bracegirdle, Woody End, Stoor, 95, 25, Female, 42, 7
Azalea, Goodchild, Green Hill, Stoor, 98, 35, Female, 75, 1
Salva, Goodchild, Bywater, Harfoot, 64, 36, Female, 68, 4
Iris, Bracegirdle, Eastfarthing, Stoor, 64, 32, Female, 58, 4
Lantana, Brown, Bywater, Stoor, 84, 29, Female, 34, 2
Datura, Bophin, Hobbiton, Fallohide, 86, 26, Female, 39, 8
Lily, Hornblower, Marish, Harfoot, 98, 26, Female, 87, 2
Cercis, Gammidge, Buckland, Fallohide, 93, 31, Female, 75, 6
Goldilocks, Longholes, Bridgefields, Fallohide, 85, 34, Female, 66, 6
Rosa, Tunnelly, Eastfarthing, Harfoot, 86, 34, Female, 43, 3
Pearl, Tuk, Tuckborough, Stoor, 77, 31, Female, 88, 7
Asphodel, Cotton, Northfarthing, Fallohide, 89, 26, Female, 63, 8
Calceola, Gamwich, Westmarch, Fallohide, 92, 23, Female, 58, 5
Dicentra, Goldworthy, Bywater, Fallohide, 82, 28, Female, 41, 9
Gerbera, Fairbairn, Tuckborough, Fallohide, 77, 22, Female, 74, 9
Nemisia, Bracegirdle, Eastfarthing, Fallohide, 81, 34, Female, 35, 7
Alyssa, Hlothran, Marish, Harfoot, 75, 23, Female, 71, 2
Celesta, Clayhanger, Tookland, Fallohide, 62, 24, Female, 61, 10
Menegilda, Gammidge, Eastfarthing, Harfoot, 67, 34, Female, 45, 6
Hildigrim, Gammidge, Northfarthing, Harfoot, 90, 28, Female, 92, 7
Sapphire, Sandheaver, Eastfarthing, Fallohide, 66, 20, Female, 58, 5
Eranthis, Baggins, Shire, Stoor, 69, 21, Female, 50, 7
Gaura, Brownlock, Northfarthing, Stoor, 80, 38, Female, 62, 2
Diamond, Greenholm, Southfarthing, Stoor, 62, 22, Female, 60, 6
Ruellia, Goodbody, Green Hill, Harfoot, 97, 32, Female, 81, 3
Adaldrida, Labingi, Shire, Fallohide, 76, 30, Female, 92, 1
Pearl, Oldbuck, Westmarch, Stoor, 61, 25, Female, 65, 10
Bessera, Proudfoot, Bridgefields, Fallohide, 99, 28, Female, 88, 6
Mahonia, Brandybuck, Northfarthing, Fallohide, 78, 35, Female, 41, 2
Heliconia, Boffin, Tookland, Fallohide, 93, 34, Female, 82, 4
Dianthus, Brandagamba, Hobbiton, Harfoot, 60, 34, Female, 84, 7
Silene, Burrows, Tuckborough, Harfoot, 76, 22, Female, 76, 9
Crocosmia, Mugwort, Buckland, Fallohide, 79, 36, Female, 62, 6
Meadow, Noaks, Bridgefields, Harfoot, 66, 23, Female, 67, 3
Diascia, Gamwich, Shire, Fallohide, 73, 34, Female, 90, 2
Dandelia, Twofoot, Green Hill, Harfoot, 87, 21, Female, 39, 7
Alyssa, Galpsi, Buckland, Fallohide, 77, 28, Female, 59, 10
Poinsetta, Bolger, Green Hill, Stoor, 84, 27, Female, 83, 8
Pearl, Took, Tuckborough, Harfoot, 68, 23, Female, 39, 10
Gaura, Tuk, Buckland, Fallohide, 74, 27, Female, 70, 6
Melilot, Stoor, Buckland, Fallohide, 88, 31, Female, 57, 8
Dahlia, Brownlock, Northfarthing, Stoor, 64, 22, Female, 42, 1
Daffodil, Baggins, Shire, Stoor, 68, 33, Female, 83, 10
Amaryllis, Headstrong, Buckland, Fallohide, 60, 20, Female, 72, 3
Camellia, Sackville, Northfarthing, Stoor, 94, 23, Female, 85, 9
Corna, Gamwich, Bywater, Stoor, 97, 25, Female, 74, 3
Lonicera, Brownlock, Buckland, Stoor, 68, 30, Female, 78, 4
Viola, Burrow, Marish, Fallohide, 72, 20, Female, 66, 9
Lyla, Gamgee, Hobbiton, Stoor, 72, 35, Female, 49, 6
Linaria, Sackville, Bywater, Fallohide, 72, 33, Female, 79, 7
Gilly, Longhole, Buckland, Fallohide, 77, 24, Female, 49, 7
Salvia, Oldbuck, Tookland, Harfoot, 61, 30, Female, 64, 8
Celosa, Twofoot, Woody End, Fallohide, 90, 23, Female, 49, 7
Heather, Goodchild, Marish, Fallohide, 79, 26, Female, 86, 1