id, name, gender, age, country, skill, purpose
1, Braydon, Male, 41, Harad, Butcher, Evil
4, Whitelaw, Male, 59, Arnor, Brigand, Life
5, Norman, Male, 34, Gondor, Swordsman, Fame
6, Eohric, Male, 64, Gondor, Ranger, Life
9, Thormod, Male, 81, Harad, Caravan, Family
8, Thordr, Male, 55, Gondor, Lady, Family
10, Gunnor, Male, 92, Harad, Kitchen, Knowledge
11, Nellie, Male, 92, Numenor, Courtier, Power
12, Jeffrey, Male, 83, Gondor, King, Fame
13, Bentley, Male, 63, Arnor, Ranger, Kindness
14, Snowden, Male, 68, Numenor, Inventor, Family
15, Brifard, Male, 64, Rohan, Blacksmith, Life
17, Dunstan, Male, 52, Gondor, Innkeeper, Knowledge
16, Roger, Male, 46, Harad, Beer, Power
18, Alrek, Male, 64, Rohan, Aristocrat, Communication
19, Audr, Male, 89, Harad, Charioteer, Power
20, Aevar, Male, 86, Harad, Leader, Power
21, Tomkin, Male, 83, Gondor, Teacher, Life
24, Winward, Male, 66, Numenor, Groom, Knowledge
22, Stanmore, Male, 35, Harad, Leader, Kindness
23, Westby, Male, 65, Arnor, Minister, Kindness
25, Brifard, Male, 74, Rohan, Jeweler, Fame
27, Dunnere, Male, 56, Harad, Clock, Fame
28, Vermund, Male, 39, Gondor, Counselor, Kindness
26, Leofred, Male, 67, Harad, Thief, Fame
29, Anlaf, Male, 84, Gondor, Cutler, Kindness
3, Zackary, Male, 72, Arnor, Innkeeper, Life
31, Newgate, Male, 65, Gondor, Swordsman, Power
34, Broderick, Male, 58, Harad, Lady, Knowledge
32, Joel, Male, 89, Numenor, Innkeeper, Life
33, Justyn, Male, 57, Rohan, Archer, Fame
35, Eomer, Male, 77, Rohan, Cook, Knowledge
2, Chilton, Male, 49, Harad, Minister, Money
38, Mord, Male, 87, Harad, Bricklayer, Kindness
37, Oswyn, Male, 41, Gondor, Charioteer, Money
39, Dagr, Male, 67, Rohan, Teacher, Fame
40, Helgrim, Male, 61, Rohan, Dairymaid, Kindness
42, Remme, Male, 35, Arnor, Clerk, Communication
41, Winchell, Male, 91, Numenor, Daimyo, Family
43, Fred, Male, 54, Harad, Brewer, Family
36, Wallding, Male, 84, Gondor, Beggar, Family
44, Kane, Male, 38, Rohan, Cobbler, Communication
47, Cynemund, Male, 52, Rohan, General, Evil
46, Ordgar, Male, 81, Rohan, Courtesan, Communication
48, Gudmund, Male, 54, Harad, Brewer, Family
50, Arnkel, Male, 33, Numenor, Merchant, Knowledge
7, Fordwin, Male, 67, Arnor, Philosopher, Power
51, Marwood, Male, 38, Gondor, Dancer, Knowledge
53, Walker, Male, 58, Arnor, Cook, Communication
52, Wes, Male, 89, Numenor, Clock, Evil
54, Townley, Male, 63, Numenor, Kitchen, Fame
56, Oswyn, Male, 67, Arnor, Diver, Family
30, Ardgar, Male, 66, Numenor, Animal, Power
57, Egbin, Male, 78, Arnor, Brick, Communication
58, Malcolm, Male, 64, Numenor, Swordsman, Knowledge
60, Avaldr, Male, 37, Numenor, Alchemist, Life
59, Bild, Male, 36, Gondor, King, Kindness
62, Edmund, Male, 44, Numenor, Commander, Family
61, Ty, Male, 75, Harad, Artist, Communication
63, Jarod, Male, 72, Numenor, Swordsman, Kindness
65, Hubert, Male, 81, Numenor, Merchant, Evil
64, Kenelm, Male, 86, Arnor, Clergyman, Communication
67, Acwulf, Male, 79, Arnor, Merchant, Communication
66, Ribald, Male, 51, Arnor, Messenger, Fame
69, Ingvarr, Male, 53, Harad, Blacksmith, Evil
70, Eddval, Male, 49, Numenor, Interpreter, Knowledge
68, Avaldr, Male, 81, Rohan, Farmer, Power
72, Dickens, Male, 49, Harad, Diviner, Evil
71, Teddie, Male, 46, Gondor, Chirurgeon, Money
73, Garret, Male, 77, Arnor, Emperor, Evil
49, Thorir, Male, 34, Arnor, Guildmaster, Kindness
76, Cynebald, Male, 59, Harad, Slave, Fame
74, Kory, Male, 44, Harad, Bookseller, Family
78, Fjalar, Male, 44, Rohan, Cobbler, Money
77, Kenelm, Male, 46, Numenor, Queen, Knowledge
79, Harald, Male, 40, Harad, Diviner, Life
80, Brand, Male, 68, Numenor, Brigand, Family
81, Stanford, Male, 86, Numenor, Infantryman, Communication
83, Greyson, Male, 60, Harad, Interpreter, Fame
55, Berwulf, Male, 78, Arnor, Clerk, Knowledge
84, Bronwyn, Male, 92, Gondor, Chieftain, Power
86, Alden, Male, 65, Gondor, Armorer, Knowledge
85, Alnoth, Male, 81, Arnor, Beggar, Communication
45, Hethor, Male, 34, Arnor, Animal, Money
88, Biolfr, Male, 84, Gondor, Thief, Communication
89, Thrand, Male, 68, Arnor, Jeweler, Power
90, Nikulas, Male, 46, Gondor, Explorer, Evil
92, Cason, Male, 91, Numenor, Lord, Life
93, Elden, Male, 54, Numenor, Farmer, Money
91, Thane, Male, 91, Numenor, Chatelaine, Family
94, Johan, Male, 54, Arnor, Beer, Kindness
82, Emmett, Male, 71, Arnor, Dancer, Evil
98, Hromundr, Male, 57, Harad, Necromancer, Evil
97, Fromund, Male, 80, Gondor, Nurse, Kindness
96, Widmund, Male, 57, Arnor, Dancer, Power
75, Cenwulf, Male, 74, Gondor, Baker, Family
100, Avaldr, Male, 61, Gondor, Domestic, Knowledge
101, Granger, Male, 63, Rohan, Chirurgeon, Power
102, Newton, Male, 76, Harad, Bricklayer, Kindness
103, Alcot, Male, 80, Rohan, Apothecary, Kindness
106, Merewald, Male, 55, Arnor, Charioteer, Kindness
95, Norman, Male, 73, Numenor, Servant, Money
104, Kody, Male, 52, Numenor, Geisha, Fame
108, Vandill, Male, 89, Harad, Lady, Money
107, Berthun, Male, 50, Rohan, Miner, Kindness
109, Ogmundr, Male, 52, Arnor, Brothel, Money
111, Jarman, Male, 58, Harad, Nurse, Fame
87, Herbert, Male, 88, Harad, Groom, Power
112, Cael, Male, 62, Arnor, Painter, Life
114, Elliott, Male, 51, Gondor, Distiller, Evil
113, Bronwen, Male, 70, Gondor, Concubine, Money
115, Hubert, Male, 58, Rohan, Soldier, Power
117, Bryning, Male, 33, Rohan, Cowherd, Life
116, Cynric, Male, 69, Numenor, Butcher, Family
118, Thorir, Male, 80, Arnor, Dictator, Power
110, Godfred, Male, 82, Numenor, Laborer, Kindness
119, Heimdall, Male, 84, Arnor, Cutler, Money
122, Darryl, Male, 44, Gondor, Cobbler, Money
120, Bard, Male, 69, Numenor, Counselor, Life
123, Kole, Male, 33, Harad, Blacksmith, Family
125, Hereward, Male, 33, Numenor, Archivist, Evil
124, Manley, Male, 92, Numenor, Inventor, Power
126, Nordman, Male, 45, Numenor, Astrologer, Fame
128, Gudmund, Male, 74, Gondor, Inventor, Evil
105, Botwulf, Male, 86, Rohan, Beer, Communication
127, Maerec, Male, 68, Rohan, Pirate, Knowledge
131, Jack, Male, 64, Gondor, Crossbowman, Knowledge
130, Havarr, Male, 71, Gondor, Doctor, Family
132, Ruddy, Male, 68, Rohan, Cook, Life
133, Kobe, Male, 75, Gondor, Soldier, Kindness
134, Vance, Male, 65, Harad, Counselor, Family
121, Ailen, Male, 50, Harad, Judge, Communication
137, Rumwald, Male, 89, Gondor, Handler, Family
136, Aldhelm, Male, 45, Numenor, Painter, Money
138, Fjalar, Male, 53, Numenor, Guardsman, Kindness
140, Bodvar, Male, 57, Harad, Aristocrat, Communication
139, Thor, Male, 74, Arnor, Brick, Kindness
141, Korey, Male, 40, Gondor, Monk, Power
142, Aidan, Male, 77, Rohan, Guildmaster, Power
143, Irving, Male, 38, Arnor, Brewer, Money
146, Blacwin, Male, 61, Arnor, Daimyo, Fame
144, Borden, Male, 50, Arnor, Barber, Money
145, Maerec, Male, 56, Gondor, Concubine, Fame
147, Alnoth, Male, 68, Arnor, Costermonger, Family
149, Arnstein, Male, 47, Arnor, Bricklayer, Power
148, Thorir, Male, 87, Gondor, Inventor, Power
150, Ingvar, Male, 39, Rohan, Distiller, Evil
129, Arnridr, Male, 73, Gondor, Dancer, Power
99, Egil, Male, 79, Rohan, Merchant, Power
152, Bob, Male, 48, Harad, Cobbler, Communication
155, Everard, Male, 70, Arnor, Miner, Life
135, Maerec, Male, 74, Arnor, Smith, Family
154, Daryl, Male, 68, Arnor, Maker, Family
157, Wilmaer, Male, 82, Numenor, Jongleur, Life
159, Ardgar, Male, 52, Arnor, Handler, Money
158, Solvarr, Male, 70, Harad, Brigand, Knowledge
160, Vemund, Male, 40, Harad, Swordsman, Fame
161, Olin, Male, 84, Rohan, Beekeeper, Family
156, Rumwold, Male, 49, Gondor, Cutler, Power
164, Tyler, Male, 49, Rohan, Torturer, Evil
162, Weston, Male, 70, Numenor, Geisha, Family
165, Roderic, Male, 61, Arnor, Daimyo, Family
168, Brand, Male, 75, Numenor, Merchant, Evil
167, Hrothgar, Male, 48, Arnor, Musician, Communication
166, Alric, Male, 41, Numenor, Brothel, Life
169, Ingvar, Male, 53, Harad, Daimyo, Life
153, Clifton, Male, 54, Arnor, Smith, Evil
170, Arnridr, Male, 51, Arnor, Chef, Evil
163, Cleveland, Male, 40, Numenor, Bookseller, Fame
174, Daryll, Male, 79, Gondor, Buckle, Knowledge
175, Tilmund, Male, 67, Numenor, Philosopher, Knowledge
173, Packard, Male, 38, Rohan, Teacher, Fame
177, Theodoric, Male, 90, Rohan, Cutler, Family
178, Guthorm, Male, 39, Rohan, Nurse, Power
179, Hamund, Male, 35, Harad, Knight, Knowledge
176, Godric, Male, 90, Numenor, Apothecary, Knowledge
180, Godmund, Male, 57, Rohan, Pirate, Evil
172, Hunt, Male, 85, Rohan, Aristocrat, Knowledge
151, Bryce, Male, 78, Arnor, Maker, Knowledge
182, William, Male, 67, Harad, Fighter, Power
181, Garryson, Male, 55, Harad, Banker, Power
185, Egbert, Male, 54, Arnor, Bard, Communication
184, Ty, Male, 80, Rohan, Diviner, Money
171, Putney, Male, 90, Numenor, Costermonger, Evil
188, Dagr, Male, 35, Arnor, Distiller, Fame
190, Thormod, Male, 41, Rohan, Cutler, Family
191, Alder, Male, 65, Harad, Guardsman, Communication
189, Arnkell, Male, 64, Harad, Fisherman, Communication
192, Gower, Male, 71, Arnor, Maker, Power
193, Calhoun, Male, 57, Harad, Messenger, Family
187, Rodney, Male, 57, Arnor, Baker, Knowledge
195, Theodlac, Male, 67, Gondor, Maker, Power
197, Burchard, Male, 75, Numenor, Beer, Kindness
196, Ordgar, Male, 64, Numenor, Merchant, Family
198, Vermunds, Male, 85, Arnor, Slave, Kindness
200, Ingvarr, Male, 55, Harad, Daimyo, Communication
199, Havarr, Male, 85, Gondor, Commander, Kindness
202, Burg, Male, 67, Harad, Animal, Money
201, Stephen, Male, 64, Gondor, Maker, Money
203, Makepeace, Male, 78, Harad, Galley, Family
204, Kenton, Male, 75, Numenor, Maker, Knowledge
205, Ribald, Male, 37, Rohan, Lord, Communication
207, Eadward, Male, 47, Rohan, Architect, Life
206, Eadwold, Male, 53, Numenor, General, Power
194, Shelly, Male, 55, Harad, Caravan, Communication
209, Friggir, Male, 82, Harad, Inventor, Kindness
210, Heidrek, Male, 76, Arnor, Philosopher, Life
212, Don, Male, 45, Rohan, Chandler, Communication
211, Aldred, Male, 64, Numenor, Minstrel, Kindness
213, Stanleigh, Male, 73, Arnor, Archer, Money
215, Saebald, Male, 69, Rohan, Clock, Money
214, Wilson, Male, 52, Harad, Butcher, Family
217, Everard, Male, 45, Numenor, Lord, Knowledge
216, Mervin, Male, 46, Gondor, Barber, Knowledge
219, Nikulas, Male, 84, Gondor, Distiller, Fame
183, Dashawn, Male, 35, Arnor, Minister, Life
218, Saemundr, Male, 86, Arnor, Beggar, Fame
222, Sherwin, Male, 57, Numenor, Minister, Evil
223, Randy, Male, 69, Gondor, Banker, Life
221, Hall, Male, 77, Arnor, Innkeeper, Power
225, Botwulf, Male, 54, Rohan, Chieftain, Kindness
224, Wilson, Male, 64, Harad, Lord, Life
220, Fridgeir, Male, 79, Numenor, Chatelaine, Fame
186, Hughor, Male, 52, Numenor, Dictator, Knowledge
228, Asgrim, Male, 50, Numenor, Bookbinder, Communication
231, Darren, Male, 55, Arnor, Knight, Money
229, Thormodr, Male, 91, Harad, Barbarian, Life
230, Asvard, Male, 50, Numenor, Footman, Communication
233, Patton, Male, 78, Gondor, Philosopher, Life
234, Alex, Male, 42, Arnor, Diver, Evil
232, Patten, Male, 57, Numenor, Bookseller, Knowledge
236, Brunheard, Male, 35, Arnor, Courtesan, Evil
237, Aelfred, Male, 48, Arnor, Musician, Life
235, Beornhelm, Male, 54, Arnor, Minister, Communication
239, Vemund, Male, 86, Gondor, Commander, Kindness
238, Glammad, Male, 83, Rohan, Swordsman, Knowledge
240, Sveinn, Male, 48, Arnor, Student, Power
241, Ronnie, Male, 76, Arnor, Queen, Kindness
243, Renault, Male, 78, Numenor, Infantryman, Knowledge
242, Stanfield, Male, 57, Gondor, Kitchen, Family
244, Mead, Male, 48, Rohan, Chieftain, Evil
245, Eluric, Male, 65, Numenor, Butcher, Fame
247, Alwold, Male, 39, Arnor, Cutler, Power
246, Winstan, Male, 33, Rohan, Brick, Fame
248, Eddval, Male, 49, Numenor, Goldsmith, Kindness
250, Valgard, Male, 58, Harad, Farmer, Communication
249, Magnus, Male, 54, Numenor, Diviner, Fame
251, Kipp, Male, 91, Gondor, Charioteer, Life
252, Marc, Male, 41, Harad, Goldsmith, Kindness
254, Titus, Male, 66, Rohan, Kitchen, Communication
255, Bryning, Male, 45, Arnor, Blacksmith, Fame
253, Tristin, Male, 86, Numenor, Banker, Knowledge
256, Aldhelm, Male, 35, Numenor, Miner, Knowledge
257, Widmund, Male, 84, Rohan, Clock, Life
227, Wermund, Male, 82, Rohan, Guardsman, Fame
208, Emund, Male, 39, Arnor, Lady, Evil
261, Adan, Male, 34, Rohan, Domestic, Knowledge
262, Sherm, Male, 37, Numenor, Servant, Family
258, Thorir, Male, 86, Arnor, Butcher, Communication
264, Bergen, Male, 56, Gondor, Writer, Fame
263, Jameson, Male, 65, Numenor, Courtier, Fame
265, Balther, Male, 69, Harad, Carpenter, Fame
267, Duceman, Male, 78, Arnor, Diplomat, Life
226, Ealdhere, Male, 53, Gondor, Torturer, Family
269, Emund, Male, 75, Gondor, Jongleur, Fame
268, Eidr, Male, 87, Numenor, Dairymaid, Evil
270, Arnvidar, Male, 55, Rohan, General, Communication
271, Millard, Male, 48, Arnor, Judge, Kindness
259, Egill, Male, 40, Harad, Student, Family
266, Herebert, Male, 73, Gondor, Dictator, Knowledge
273, Wake, Male, 46, Rohan, General, Life
275, Bermund, Male, 64, Arnor, Crossbowman, Family
276, Berwulf, Male, 77, Arnor, Innkeeper, Communication
278, Eidr, Male, 86, Arnor, Actor, Knowledge
279, Adam, Male, 74, Harad, Butcher, Family
277, Herebert, Male, 82, Arnor, Slaver, Evil
281, Winfield, Male, 33, Numenor, Torturer, Communication
282, Marsden, Male, 52, Numenor, Slaver, Life
280, Arnkell, Male, 65, Numenor, Teamster, Fame
283, Dix, Male, 78, Harad, Cutler, Evil
284, Brennen, Male, 84, Rohan, Minister, Knowledge
286, Hardred, Male, 59, Gondor, Doctor, Fame
285, Gladwin, Male, 43, Harad, Beekeeper, Money
287, Randal, Male, 48, Harad, Chandler, Life
288, Magnus, Male, 46, Gondor, Aristocrat, Kindness
289, Godmund, Male, 55, Gondor, Chieftain, Kindness
290, Oddmar, Male, 89, Arnor, Baker, Power
291, Braxton, Male, 57, Harad, General, Evil
292, Farland, Male, 40, Rohan, Archivist, Knowledge
293, Ailen, Male, 74, Rohan, Architect, Life
295, Humbert, Male, 55, Arnor, Bookbinder, Life
294, Allan, Male, 45, Arnor, Lady, Life
296, Hibald, Male, 81, Harad, Diviner, Kindness
298, Bjolan, Male, 52, Arnor, Footman, Communication
297, Saeward, Male, 59, Harad, Chandler, Kindness
300, Hallvard, Male, 45, Arnor, Animal, Evil
299, Hermund, Male, 70, Numenor, Cartographer, Communication
302, Sherwin, Male, 34, Numenor, Concubine, Communication
301, Tristin, Male, 68, Arnor, Clock, Kindness
303, Windsor, Male, 74, Arnor, Interpreter, Evil
304, Bob, Male, 37, Numenor, Archer, Kindness
305, Godwyn, Male, 36, Arnor, Smith, Money
306, Herebert, Male, 65, Rohan, Baker, Life
307, Bedric, Male, 82, Numenor, Bricklayer, Family
308, Erling, Male, 42, Gondor, Cowherd, Family
310, Fjolnir, Male, 76, Harad, Cooper, Life
309, Hallvard, Male, 58, Numenor, Animal, Communication
311, Neumann, Male, 33, Harad, Soldier, Knowledge
312, Woodie, Male, 88, Gondor, Commander, Power
313, Oxon, Male, 38, Numenor, Torturer, Family
315, Winstan, Male, 80, Harad, Inventor, Power
314, Bergess, Male, 44, Arnor, Actor, Family
316, Waldwin, Male, 53, Numenor, Smith, Kindness
317, Radbod, Male, 70, Harad, Groom, Kindness
318, Thorgil, Male, 66, Arnor, Servant, Knowledge
321, Grady, Male, 72, Arnor, Inventor, Knowledge
320, Thormodr, Male, 52, Gondor, Diver, Money
319, Eilaf, Male, 81, Numenor, Costermonger, Communication
322, Ronald, Male, 45, Rohan, Alchemist, Life
324, Frank, Male, 50, Arnor, Farmer, Knowledge
323, Darryl, Male, 88, Harad, Carpenter, Money
325, Bertwald, Male, 41, Numenor, Chieftain, Fame
327, Cynebald, Male, 71, Arnor, Messenger, Life
328, Godfred, Male, 35, Harad, Cowherd, Kindness
326, Osric, Male, 87, Arnor, Costermonger, Knowledge
330, Kodran, Male, 46, Rohan, Galley, Evil
329, Vermundr, Male, 47, Rohan, Archer, Power
331, Ayden, Male, 46, Numenor, Torturer, Family
272, Sam, Male, 39, Rohan, Archer, Family
333, Chaz, Male, 40, Arnor, Daimyo, Fame
334, Welborne, Male, 86, Harad, Maker, Power
335, Wulgan, Male, 77, Numenor, Maker, Money
338, Galmr, Male, 64, Arnor, Actor, Evil
336, Waldwin, Male, 85, Harad, Cutler, Kindness
337, Baldric, Male, 44, Harad, Baker, Power
341, Wheeler, Male, 64, Harad, Kitchen, Knowledge
339, Erlingr, Male, 81, Arnor, Butcher, Kindness
340, Vermundr, Male, 78, Numenor, Merchant, Fame
342, Ronald, Male, 75, Gondor, Footman, Fame
344, Stanway, Male, 50, Gondor, Painter, Knowledge
343, Ozzie, Male, 91, Gondor, Wrestler, Power
345, Deormund, Male, 49, Arnor, Torturer, Power
346, Ailwin, Male, 73, Numenor, Courtesan, Knowledge
347, Estmar, Male, 65, Numenor, Dancer, Communication
274, Gannon, Male, 52, Rohan, Merchant, Life
348, Ragnarr, Male, 37, Harad, Brewer, Money
350, Ogmund, Male, 72, Rohan, Counselor, Evil
351, Liam, Male, 62, Gondor, Handler, Life
352, John, Male, 83, Numenor, Builder, Power
354, Conrad, Male, 62, Numenor, Diviner, Money
355, Gudram, Male, 41, Numenor, Necromancer, Money
353, Kameron, Male, 42, Arnor, Slaver, Money
356, Eluard, Male, 46, Rohan, Emperor, Kindness
357, Rodolph, Male, 60, Gondor, Caravan, Knowledge
260, Thorgil, Male, 53, Gondor, Handler, Communication
332, Shawn, Male, 42, Harad, Guardsman, Communication
360, Valagnar, Male, 85, Rohan, Interpreter, Money
362, Dominique, Male, 92, Rohan, Farmer, Knowledge
361, Abraham, Male, 42, Gondor, Geisha, Communication
349, Aevar, Male, 68, Arnor, Bookbinder, Money
365, Siward, Male, 59, Numenor, Smith, Power
364, Pierce, Male, 42, Arnor, Baker, Fame
366, Bertwald, Male, 49, Rohan, Jeweler, Evil
367, Wigmund, Male, 69, Numenor, Farmer, Money
368, Bodvarr, Male, 76, Rohan, Wrestler, Money
369, Arnstein, Male, 65, Numenor, Chirurgeon, Power
370, Solvarr, Male, 37, Harad, Animal, Family
371, Glen, Male, 38, Harad, Infantryman, Power
363, Darryll, Male, 45, Rohan, King, Knowledge
358, Magnus, Male, 34, Gondor, Artist, Fame
359, Solvarr, Male, 41, Gondor, Builder, Kindness
375, Theobald, Male, 66, Rohan, Counselor, Fame
376, Harding, Male, 90, Rohan, Beekeeper, Power
374, Elbridge, Male, 79, Gondor, Bookseller, Power
373, Thane, Male, 82, Numenor, Beer, Family
377, Osmund, Male, 81, Arnor, Innkeeper, Communication
380, Mord, Male, 65, Arnor, Alchemist, Kindness
381, Sheldon, Male, 40, Rohan, Costermonger, Life
382, Joey, Male, 92, Arnor, Buckle, Kindness
383, Roddy, Male, 88, Gondor, Maker, Knowledge
384, Patten, Male, 79, Rohan, Farmer, Knowledge
386, Godbert, Male, 39, Numenor, Bricklayer, Knowledge
385, Gudram, Male, 67, Gondor, Geisha, Kindness
388, Anlaf, Male, 64, Gondor, Merchant, Kindness
372, Stanly, Male, 72, Rohan, Clothworker, Kindness
389, Halldor, Male, 92, Gondor, Inventor, Life
390, Arnvidar, Male, 62, Gondor, Brewer, Life
391, Jarvis, Male, 86, Numenor, Astrologer, Power
392, Solomon, Male, 86, Arnor, Student, Evil
393, Maitland, Male, 41, Gondor, Jongleur, Power
394, Skylar, Male, 36, Numenor, Musician, Evil
396, Bertulf, Male, 39, Rohan, Guardsman, Kindness
397, Germund, Male, 49, Rohan, Goldsmith, Evil
395, Bertred, Male, 91, Harad, Handler, Knowledge
398, Arnvidar, Male, 67, Rohan, Barkeep, Communication
400, Eilif, Male, 82, Rohan, Maker, Kindness
399, Magnus, Male, 48, Arnor, Jeweler, Kindness
401, Dashawn, Male, 84, Rohan, Artist, Communication
403, Osborn, Male, 65, Arnor, Architect, Kindness
402, Edwards, Male, 87, Gondor, Aristocrat, Evil
404, Harvey, Male, 81, Gondor, Student, Life
406, Osbeorn, Male, 52, Arnor, Costermonger, Family
405, Bernulf, Male, 92, Numenor, Inventor, Knowledge
407, Godbert, Male, 42, Arnor, Kitchen, Fame
408, Runolf, Male, 83, Gondor, Bookbinder, Family
409, Avaldr, Male, 81, Numenor, Aristocrat, Money
410, Arnaldr, Male, 83, Numenor, Jongleur, Communication
412, Ethan, Male, 83, Rohan, Banker, Communication
411, Ernest, Male, 42, Gondor, Knight, Family
414, Whitman, Male, 74, Numenor, Groom, Communication
413, Bentley, Male, 37, Gondor, Minister, Evil
417, Ceolmund, Male, 81, Rohan, Jongleur, Power
415, Eddard, Male, 77, Arnor, Artist, Evil
418, Harald, Male, 60, Rohan, Clothworker, Fame
416, Godbert, Male, 51, Numenor, Fisherman, Evil
378, Galmr, Male, 71, Gondor, Commander, Life
420, Thormod, Male, 45, Arnor, Brothel, Evil
421, George, Male, 90, Rohan, Nurse, Knowledge
422, Rene, Male, 81, Gondor, Bookbinder, Family
423, Terrence, Male, 87, Numenor, Queen, Fame
424, Winfred, Male, 78, Rohan, Charioteer, Life
425, Eomer, Male, 79, Rohan, Barkeep, Evil
426, Darwin, Male, 89, Arnor, Soldier, Money
427, Hardred, Male, 66, Numenor, Musician, Life
429, Gardarr, Male, 84, Arnor, Astrologer, Knowledge
428, Thorir, Male, 62, Numenor, Leader, Kindness
430, Thordr, Male, 85, Harad, Buckle, Family
432, Alex, Male, 68, Arnor, Charioteer, Kindness
431, Ryland, Male, 87, Arnor, Smith, Power
387, Wulgan, Male, 35, Numenor, Pirate, Communication
433, Bryan, Male, 41, Harad, Groom, Evil
436, Fremund, Male, 45, Numenor, Copyist, Power
435, Eadmund, Male, 48, Arnor, Commander, Power
437, Theobald, Male, 70, Numenor, Copyist, Family
438, Hemming, Male, 45, Arnor, Slave, Knowledge
434, Drake, Male, 42, Rohan, Cartographer, Knowledge
439, Arnor, Male, 88, Rohan, Explorer, Evil
442, Jason, Male, 62, Harad, Brick, Family
443, Dempster, Male, 41, Harad, General, Power
441, Raff, Male, 70, Gondor, Fisherman, Life
444, Thurman, Male, 52, Rohan, Beekeeper, Evil
445, Rumbald, Male, 43, Rohan, Queen, Fame
446, Bedric, Male, 44, Gondor, Nurse, Communication
447, Alric, Male, 40, Harad, Teacher, Family
448, Brand, Male, 77, Arnor, Bricklayer, Fame
450, Adalag, Male, 44, Gondor, Domestic, Family
449, Gudmundr, Male, 60, Harad, Chirurgeon, Family
451, Colbert, Male, 50, Numenor, Handler, Fame
454, Durwin, Male, 69, Rohan, Musician, Evil
452, Malcolm, Male, 74, Numenor, Interpreter, Evil
453, Jarrod, Male, 57, Numenor, Caravan, Money
455, Eluric, Male, 90, Arnor, Alchemist, Communication
456, Hethor, Male, 83, Gondor, Pirate, Life
458, Aevar, Male, 33, Harad, Thief, Knowledge
419, Helgrim, Male, 38, Harad, Astrologer, Communication
459, Fjalar, Male, 75, Numenor, Merchant, Power
461, Jordon, Male, 61, Arnor, Handler, Knowledge
460, Valbrandr, Male, 45, Numenor, Painter, Communication
462, Kody, Male, 76, Arnor, Artist, Kindness
463, Neddie, Male, 68, Harad, Pirate, Life
465, Dunstan, Male, 72, Rohan, Barber, Communication
464, Packard, Male, 36, Harad, Knight, Life
466, Osbeorn, Male, 64, Rohan, Commander, Evil
467, Alwyn, Male, 63, Gondor, Charioteer, Family
468, Hermund, Male, 47, Numenor, Builder, Kindness
469, Nikolas, Male, 63, Gondor, Thief, Fame
457, Kennald, Male, 40, Gondor, Torturer, Evil
470, Ogmundr, Male, 77, Gondor, Doctor, Power
472, Kevin, Male, 38, Gondor, Barkeep, Evil
473, Dwight, Male, 62, Gondor, Charioteer, Knowledge
379, Farulf, Male, 86, Arnor, Doctor, Kindness
475, Ashwin, Male, 49, Rohan, Buckle, Power
478, Bodvar, Male, 77, Harad, Miner, Communication
476, Germund, Male, 77, Arnor, Archer, Fame
477, Selwyn, Male, 54, Numenor, Actor, Kindness
479, Hordr, Male, 77, Numenor, Cartographer, Family
480, Valagnar, Male, 92, Harad, Wrestler, Family
481, Roderick, Male, 35, Numenor, Actor, Kindness
482, Whitelaw, Male, 74, Harad, Soldier, Fame
483, Bordan, Male, 48, Arnor, Cowherd, Family
440, Gilling, Male, 51, Rohan, Judge, Family
485, Herimann, Male, 62, Rohan, Beekeeper, Life
486, Aelred, Male, 49, Rohan, Maker, Life
484, Bert, Male, 52, Gondor, Ranger, Knowledge
487, Eadward, Male, 38, Rohan, Gladiator, Money
489, Arnstein, Male, 56, Rohan, Astrologer, Knowledge
490, Arnvid, Male, 89, Rohan, Brothel, Evil
491, Cael, Male, 59, Harad, Wrestler, Communication
474, Ethan, Male, 38, Rohan, Barkeep, Money
492, Daryl, Male, 44, Numenor, Brothel, Money
494, Ransden, Male, 82, Numenor, Minister, Money
496, Heribert, Male, 40, Arnor, Banker, Power
495, Randwulf, Male, 65, Arnor, Costermonger, Kindness
497, Tilbert, Male, 36, Numenor, Wrestler, Knowledge
499, Godmund, Male, 36, Arnor, Geisha, Money
498, Bodmodr, Male, 49, Harad, Maker, Communication
501, Rodman, Male, 76, Harad, Clothworker, Power
500, Jorund, Male, 86, Arnor, Copyist, Money
503, Fairley, Male, 71, Arnor, Beekeeper, Life
471, Ted, Male, 83, Harad, Slave, Money
493, Wessely, Male, 74, Rohan, King, Money
506, Delwyn, Male, 54, Numenor, Builder, Power
505, Baldred, Male, 87, Arnor, Gardener, Fame
507, Algar, Male, 80, Harad, Dairymaid, Power
508, Borgar, Male, 65, Gondor, Footman, Life
502, Hamilton, Male, 37, Numenor, Wrestler, Family
510, Emund, Male, 55, Gondor, Footman, Money
511, Davion, Male, 51, Harad, Actor, Fame
512, Agustin, Male, 85, Numenor, Diplomat, Life
513, Kinnard, Male, 60, Rohan, Brothel, Money
515, Winstan, Male, 87, Numenor, Goldsmith, Knowledge
514, Zachary, Male, 87, Gondor, Monk, Knowledge
516, Bermund, Male, 73, Harad, Thief, Power
518, Vamod, Male, 49, Rohan, Distiller, Life
517, Herimann, Male, 71, Arnor, Courtier, Power
519, Gilling, Male, 47, Harad, Emperor, Family
488, Heimir, Male, 40, Rohan, Painter, Kindness
522, Hulk, Male, 88, Rohan, Seller, Fame
520, Volund, Male, 35, Arnor, Necromancer, Fame
523, Charlton, Male, 81, Rohan, Aristocrat, Family
524, Mardyth, Male, 90, Harad, Baker, Life
504, Packard, Male, 39, Gondor, Chatelaine, Kindness
526, Aelfric, Male, 50, Rohan, Geisha, Evil
527, Gerbert, Male, 37, Rohan, Farmer, Money
528, Sveinn, Male, 70, Harad, Cowherd, Evil
529, Sigmund, Male, 53, Harad, Distiller, Kindness
509, Runolf, Male, 33, Numenor, Brick, Evil
525, Eddard, Male, 89, Arnor, Necromancer, Knowledge
521, Wakeley, Male, 86, Harad, Lady, Evil
532, Emmerson, Male, 56, Rohan, Barber, Family
534, Nathanael, Male, 46, Rohan, King, Family
536, Brunwulf, Male, 35, Gondor, Brigand, Knowledge
535, Harhold, Male, 53, Gondor, Diviner, Kindness
537, Nordman, Male, 38, Harad, General, Kindness
538, Valgard, Male, 64, Harad, Blacksmith, Knowledge
540, Adalag, Male, 42, Numenor, Copyist, Knowledge
531, Hawk, Male, 52, Numenor, Groom, Fame
542, Hamilton, Male, 85, Numenor, Armorer, Money
541, Wessely, Male, 72, Harad, Writer, Family
544, Barrett, Male, 35, Gondor, Writer, Knowledge
543, Awarnach, Male, 69, Numenor, Brothel, Knowledge
546, Berwyn, Male, 39, Rohan, Emperor, Kindness
547, Eadred, Male, 75, Arnor, Emperor, Evil
545, Aethelgar, Male, 86, Harad, Chandler, Power
549, Valagnar, Male, 55, Arnor, Fighter, Kindness
548, Broddr, Male, 62, Numenor, Gardener, Life
551, Ben, Male, 50, Numenor, Keeper, Communication
550, Ingvar, Male, 78, Rohan, Infantryman, Family
552, Lang, Male, 76, Numenor, Seller, Communication
553, Forbes, Male, 66, Rohan, Inventor, Kindness
555, Eadwyn, Male, 91, Arnor, Diviner, Life
554, Trystan, Male, 84, Numenor, Pirate, Kindness
556, Wigmund, Male, 53, Numenor, General, Communication
557, Erwin, Male, 35, Numenor, Minister, Money
559, Guthorm, Male, 77, Numenor, Beggar, Power
561, Rawley, Male, 92, Arnor, Philosopher, Life
530, Bjolan, Male, 76, Rohan, Crossbowman, Evil
539, Arnaldr, Male, 47, Harad, Servant, Family
562, Braxton, Male, 56, Numenor, Swordsman, Communication
563, Farley, Male, 47, Numenor, Maker, Life
565, Badulf, Male, 78, Arnor, Thief, Kindness
564, Elmar, Male, 69, Gondor, Astrologer, Communication
566, Tilbert, Male, 83, Harad, Inventor, Knowledge
567, Fromund, Male, 55, Harad, Judge, Evil
568, Oddmar, Male, 64, Rohan, Distiller, Evil
569, Havarr, Male, 49, Rohan, Queen, Kindness
571, Quinten, Male, 58, Gondor, Explorer, Evil
570, Ogmund, Male, 45, Gondor, Alchemist, Power
572, Rodney, Male, 64, Rohan, Aristocrat, Power
574, Roger, Male, 58, Rohan, Clothworker, Communication
573, Alfrid, Male, 77, Harad, Diver, Money
575, Harding, Male, 62, Harad, Banker, Evil
577, Lindhard, Male, 72, Rohan, Slave, Kindness
576, Alwin, Male, 34, Numenor, Brewer, Fame
578, Hildir, Male, 34, Arnor, Gladiator, Kindness
579, Gudmund, Male, 41, Numenor, Cutler, Knowledge
580, Gellir, Male, 36, Gondor, Apothecary, Knowledge
582, Sawyer, Male, 53, Gondor, Bricklayer, Money
581, Quinton, Male, 42, Rohan, Farmer, Evil
584, Raymond, Male, 86, Gondor, Dancer, Fame
583, Parr, Male, 64, Numenor, Teacher, Money
586, Brychan, Male, 63, Rohan, Cobbler, Life
585, Wilfram, Male, 53, Gondor, Gardener, Evil
558, Gudmundr, Male, 58, Numenor, Bookbinder, Family
589, Hromundr, Male, 57, Gondor, Bookbinder, Money
588, Eyvind, Male, 37, Rohan, Blacksmith, Family
590, Asgrim, Male, 47, Gondor, Footman, Fame
591, Floyd, Male, 57, Gondor, Ranger, Life
592, North, Male, 41, Arnor, Slave, Communication
593, Kamron, Male, 78, Arnor, Domestic, Communication
594, Julian, Male, 57, Gondor, Seller, Life
596, Leodwald, Male, 40, Arnor, King, Life
597, Allric, Male, 37, Rohan, Minister, Fame
595, Herebert, Male, 64, Gondor, Baker, Communication
598, Godfred, Male, 78, Harad, Nurse, Power
600, Hordr, Male, 65, Gondor, Fighter, Evil
599, Eidr, Male, 62, Gondor, Caravan, Knowledge
601, Edvard, Male, 88, Numenor, Brewer, Communication
602, Welch, Male, 42, Numenor, Merchant, Communication
603, Greyson, Male, 42, Arnor, Maker, Communication
604, Reinald, Male, 87, Numenor, Goldsmith, Power
587, Brynstan, Male, 91, Numenor, Messenger, Fame
608, Hadding, Male, 73, Numenor, Bricklayer, Knowledge
606, Theodric, Male, 45, Numenor, General, Fame
609, Otkar, Male, 34, Numenor, Dancer, Kindness
607, Fromund, Male, 36, Arnor, Musician, Communication
611, Elten, Male, 65, Arnor, Architect, Evil
610, Thrandr, Male, 83, Arnor, Archer, Life
612, Hastings, Male, 81, Arnor, Monk, Money
613, Mardyth, Male, 87, Arnor, Kitchen, Knowledge
614, Nigel, Male, 36, Rohan, Beggar, Family
615, Bertulf, Male, 72, Gondor, Necromancer, Evil
616, Alwyn, Male, 76, Arnor, Fighter, Communication
605, Norbert, Male, 56, Harad, Swordsman, Life
560, Thorir, Male, 40, Gondor, Brick, Evil
619, Gunnar, Male, 43, Rohan, Lord, Life
620, Bild, Male, 85, Numenor, Diviner, Money
622, Milten, Male, 35, Arnor, Jeweler, Communication
621, Redman, Male, 44, Gondor, Ranger, Evil
623, Quinton, Male, 63, Rohan, Emperor, Knowledge
624, Darrin, Male, 85, Harad, Alchemist, Kindness
625, Kenward, Male, 44, Harad, Groom, Family
627, Bedwig, Male, 68, Numenor, Cook, Family
626, Sabert, Male, 81, Harad, Lady, Evil
533, Channing, Male, 60, Rohan, Guardsman, Fame
628, Arnkell, Male, 41, Numenor, Blacksmith, Evil
630, Asbjorn, Male, 78, Arnor, Brick, Knowledge
633, Telford, Male, 52, Gondor, Counselor, Fame
631, Braydon, Male, 73, Rohan, Cutler, Communication
632, Norton, Male, 49, Gondor, Buckle, Communication
634, Hawk, Male, 58, Numenor, Banker, Kindness
635, Colman, Male, 73, Gondor, Groom, Evil
636, Aldred, Male, 39, Gondor, Builder, Kindness
637, Berwyn, Male, 87, Arnor, Animal, Money
638, Thordar, Male, 34, Rohan, Slave, Knowledge
618, Einar, Male, 84, Harad, Minstrel, Communication
641, Dexter, Male, 66, Numenor, Galley, Kindness
640, Biolan, Male, 83, Harad, Cook, Life
643, Bruno, Male, 76, Harad, Painter, Evil
642, Darrion, Male, 92, Arnor, Geisha, Family
645, Wermund, Male, 68, Rohan, Alchemist, Family
644, Zavier, Male, 74, Gondor, Commander, Kindness
646, Norbert, Male, 62, Harad, Blacksmith, Knowledge
617, Bertram, Male, 85, Arnor, Ranger, Money
648, Ragnarr, Male, 67, Numenor, Philosopher, Fame
649, Valagnar, Male, 76, Rohan, Groom, Knowledge
651, Warton, Male, 43, Arnor, Painter, Knowledge
650, Geirolf, Male, 85, Rohan, Buckle, Kindness
652, Welby, Male, 75, Numenor, Builder, Life
654, Hannibal, Male, 35, Harad, Copyist, Knowledge
653, Camren, Male, 60, Harad, Gardener, Evil
655, Eward, Male, 85, Numenor, King, Life
656, Romund, Male, 88, Numenor, Bard, Power
639, Arnstein, Male, 76, Arnor, Laborer, Money
629, Steinarr, Male, 82, Gondor, Buckle, Knowledge
657, Turoc, Male, 83, Arnor, Writer, Knowledge
661, Newell, Male, 39, Rohan, Crossbowman, Kindness
660, Bodvar, Male, 53, Rohan, Archivist, Knowledge
662, Barks, Male, 42, Numenor, Archivist, Money
663, Rawlings, Male, 84, Numenor, Merchant, Kindness
664, Terrell, Male, 71, Gondor, Fighter, Family
665, Wigmund, Male, 76, Arnor, Jeweler, Life
666, Brunwulf, Male, 82, Rohan, Geisha, Evil
667, Eadward, Male, 52, Arnor, Fishmonger, Money
669, Thormodr, Male, 87, Arnor, Student, Kindness
668, Bodvar, Male, 37, Gondor, Brigand, Communication
670, Fridgeir, Male, 78, Gondor, Galley, Kindness
647, Cenred, Male, 71, Numenor, Slaver, Money
672, Whitby, Male, 72, Rohan, Lady, Evil
673, Caldwell, Male, 44, Arnor, Dancer, Evil
674, Teddie, Male, 72, Gondor, Animal, Family
675, Aldhelm, Male, 92, Numenor, Merchant, Power
676, Tilwald, Male, 92, Numenor, Groom, Communication
671, Mathew, Male, 88, Arnor, Keeper, Kindness
678, Ogmundr, Male, 55, Numenor, Concubine, Life
679, Solmund, Male, 86, Gondor, Gladiator, Kindness
681, Penley, Male, 58, Rohan, Courtesan, Evil
680, Geirmund, Male, 78, Arnor, Architect, Fame
682, Kippy, Male, 61, Harad, Swordsman, Fame
683, Emmerson, Male, 81, Arnor, Jongleur, Knowledge
658, Thor, Male, 82, Harad, Diplomat, Money
685, Herbert, Male, 40, Arnor, Actor, Life
688, Thrand, Male, 46, Arnor, Guardsman, Communication
687, Maldred, Male, 82, Arnor, Slaver, Kindness
686, Acwulf, Male, 85, Harad, Jongleur, Knowledge
689, Vemund, Male, 86, Gondor, Gardener, Family
690, Hergrim, Male, 61, Gondor, Bookbinder, Evil
691, Alvertos, Male, 71, Rohan, Cutler, Power
693, Darrius, Male, 40, Gondor, Messenger, Power
692, Devin, Male, 55, Gondor, Painter, Life
694, Booth, Male, 45, Arnor, Gardener, Power
695, Aelfric, Male, 38, Rohan, Infantryman, Family
696, Edric, Male, 56, Harad, Leader, Life
697, Odard, Male, 70, Harad, Chirurgeon, Fame
698, Leidorf, Male, 48, Arnor, Daimyo, Power
699, Galmr, Male, 63, Gondor, Farmer, Evil
701, Eduardo, Male, 65, Numenor, Cooper, Family
700, Sigfred, Male, 70, Numenor, Chandler, Evil
702, Geoffrey, Male, 89, Numenor, Boatman, Kindness
704, Chase, Male, 49, Numenor, Cobbler, Evil
705, Lindhard, Male, 38, Arnor, Kitchen, Power
703, Berkeley, Male, 68, Harad, Distiller, Life
659, Bjorn, Male, 60, Numenor, Apothecary, Life
707, Ealdhere, Male, 74, Arnor, General, Evil
684, Maxim, Male, 86, Arnor, Soldier, Knowledge
710, Ragnald, Male, 34, Arnor, Daimyo, Communication
709, Ogmund, Male, 83, Numenor, Handler, Communication
711, Rip, Male, 86, Arnor, Bookseller, Fame
713, Josh, Male, 62, Harad, Student, Communication
712, Spenser, Male, 80, Gondor, Beer, Family
714, Walker, Male, 72, Numenor, Bookbinder, Knowledge
716, Wigmund, Male, 43, Harad, General, Power
715, Forwin, Male, 58, Arnor, Advocate, Kindness
708, Sveinn, Male, 50, Rohan, Cutler, Knowledge
706, Ceolred, Male, 47, Rohan, Dairymaid, Kindness
677, Waldwin, Male, 56, Harad, Barmaid, Power
717, Turold, Male, 76, Gondor, Actor, Life
719, Hermundr, Male, 36, Rohan, Blacksmith, Evil
718, Heimdall, Male, 61, Rohan, Aristocrat, Fame
720, Bjolan, Male, 66, Harad, Messenger, Kindness
723, Bria, Female, 46, Harad, Merchant, Fame
722, Claudia, Female, 76, Gondor, Judge, Life
726, Weynild, Female, 64, Arnor, Gladiator, Evil
727, Sidwell, Female, 70, Numenor, Courtier, Fame
728, Olava, Female, 76, Harad, Dictator, Communication
732, Zaria, Female, 84, Gondor, Artist, Family
730, Berit, Female, 55, Harad, Groom, Power
731, Jane, Female, 77, Harad, Seller, Family
729, Katla, Female, 54, Harad, Explorer, Life
733, Desiree, Female, 64, Harad, Chieftain, Knowledge
735, Rowena, Female, 72, Gondor, Cobbler, Knowledge
734, Mariah, Female, 89, Numenor, Wrestler, Power
736, Hildeburh, Female, 67, Gondor, Brick, Money
739, Freya, Female, 85, Rohan, Smith, Knowledge
737, Edith, Female, 91, Rohan, Barber, Family
740, Kirsten, Female, 83, Rohan, Judge, Knowledge
738, Gunnhildr, Female, 58, Harad, Student, Money
741, Hailie, Female, 73, Gondor, Merchant, Fame
743, Goldie, Female, 53, Numenor, Chirurgeon, Money
745, Mathilda, Female, 89, Arnor, Beekeeper, Communication
721, Jade, Female, 67, Rohan, Barmaid, Fame
744, Emilee, Female, 68, Rohan, Maker, Life
747, Derehild, Female, 62, Gondor, Doctor, Fame
725, Derehild, Female, 91, Arnor, Barber, Communication
748, Gunnhildr, Female, 86, Harad, Barber, Communication
724, Carli, Female, 70, Rohan, Brewer, Evil
752, Yedda, Female, 81, Numenor, Smith, Knowledge
750, Asvor, Female, 44, Gondor, Clerk, Money
753, Kaylin, Female, 67, Numenor, Cook, Power
751, Kristina, Female, 39, Gondor, Geisha, Money
754, Claire, Female, 37, Arnor, Astrologer, Family
755, Cynwise, Female, 39, Rohan, Brigand, Knowledge
757, Alchfrid, Female, 37, Numenor, Cowherd, Kindness
756, Godrun, Female, 77, Rohan, Domestic, Evil
758, Kirsten, Female, 41, Rohan, Armorer, Money
760, Anna, Female, 42, Rohan, Innkeeper, Family
759, Hedda, Female, 80, Rohan, Teacher, Fame
763, Alissa, Female, 55, Harad, Diver, Fame
762, Kianna, Female, 81, Arnor, Geisha, Knowledge
742, Kenya, Female, 36, Rohan, Archivist, Family
761, Linda, Female, 34, Rohan, Miner, Communication
766, Wenyld, Female, 60, Rohan, Soldier, Power
767, Hildegyth, Female, 60, Arnor, Pirate, Money
746, Saewara, Female, 44, Gondor, Innkeeper, Fame
765, Hounilda, Female, 87, Gondor, Beer, Evil
769, Oda, Female, 68, Gondor, Fighter, Family
770, Nina, Female, 68, Rohan, Blacksmith, Life
771, Julianna, Female, 79, Rohan, Guardsman, Kindness
773, Gisselle, Female, 47, Gondor, Blacksmith, Power
764, Ayana, Female, 79, Numenor, Actor, Kindness
774, Libby, Female, 74, Gondor, Bookbinder, Family
776, Leofwynn, Female, 70, Rohan, Minister, Money
775, Rowena, Female, 41, Harad, Nurse, Power
777, Alfrun, Female, 77, Arnor, Fisherman, Money
778, Ingeborg, Female, 77, Gondor, Slaver, Knowledge
749, Ellen, Female, 71, Arnor, Doctor, Knowledge
780, Olava, Female, 48, Rohan, Jeweler, Knowledge
781, Rebekah, Female, 79, Arnor, Merchant, Fame
783, Jasmine, Female, 46, Arnor, Archivist, Communication
782, Alina, Female, 75, Rohan, Cowherd, Knowledge
784, Hertha, Female, 43, Rohan, Beggar, Knowledge
786, Herewynn, Female, 80, Gondor, Baker, Evil
768, Ingrior, Female, 61, Gondor, Animal, Communication
772, Kelsey, Female, 38, Gondor, Bard, Communication
788, Bera, Female, 76, Arnor, Alchemist, Knowledge
791, Heather, Female, 65, Arnor, Maker, Kindness
787, Golderyn, Female, 43, Numenor, Keeper, Money
790, Ingvil, Female, 56, Gondor, Keeper, Family
794, Gail, Female, 44, Arnor, Diver, Communication
792, Selden, Female, 75, Rohan, Beekeeper, Life
795, Tonild, Female, 79, Arnor, Fisherman, Evil
793, Ayana, Female, 86, Rohan, Teamster, Life
796, Estrid, Female, 42, Gondor, Seller, Money
785, Saegyth, Female, 78, Gondor, Banker, Evil
789, Hedda, Female, 75, Rohan, Alchemist, Money
800, Elisa, Female, 36, Arnor, Distiller, Communication
799, Christine, Female, 59, Arnor, Boatman, Knowledge
801, Robyn, Female, 66, Gondor, Keeper, Life
802, Maci, Female, 85, Numenor, Buckle, Life
804, Robbin, Female, 70, Rohan, Chirurgeon, Knowledge
779, Ingvil, Female, 76, Harad, Lady, Knowledge
806, Hildegard, Female, 38, Arnor, General, Kindness
803, Valentina, Female, 77, Rohan, Distiller, Money
807, Botill, Female, 46, Rohan, Messenger, Power
808, Matilda, Female, 65, Rohan, Clergyman, Life
809, Ashildr, Female, 65, Arnor, Chandler, Knowledge
811, Lizeth, Female, 75, Rohan, Fisherman, Family
810, Jora, Female, 41, Harad, Aristocrat, Power
812, Liliana, Female, 62, Rohan, Aristocrat, Evil
805, Tonild, Female, 76, Numenor, Judge, Power
813, Hallie, Female, 65, Harad, Clock, Knowledge
816, Hendina, Female, 37, Numenor, Barkeep, Life
815, Godelina, Female, 36, Rohan, Bard, Kindness
817, Weynild, Female, 33, Numenor, Maker, Money
818, Inga, Female, 63, Numenor, Maker, Kindness
821, Lilian, Female, 48, Rohan, Alchemist, Communication
819, Helene, Female, 43, Rohan, Bookbinder, Life
820, Anette, Female, 80, Rohan, Astrologer, Family
814, Alice, Female, 74, Gondor, Musician, Kindness
823, Harvine, Female, 43, Arnor, Queen, Evil
822, Destiney, Female, 45, Gondor, Bookbinder, Money
825, Hounilda, Female, 63, Numenor, Cook, Money
826, Edilda, Female, 63, Numenor, Guildmaster, Power
797, Rimilda, Female, 61, Rohan, Knight, Evil
798, Halldis, Female, 60, Harad, Crossbowman, Life
828, Christine, Female, 91, Arnor, Brothel, Knowledge
830, Hallbera, Female, 84, Arnor, Apothecary, Evil
831, Ena, Female, 63, Arnor, Counselor, Power
833, Keira, Female, 91, Arnor, Teacher, Kindness
832, Makayla, Female, 39, Arnor, Brothel, Knowledge
834, Maria, Female, 71, Gondor, Banker, Knowledge
829, Ellen, Female, 71, Harad, Beer, Fame
837, Cwenburg, Female, 54, Gondor, Crossbowman, Communication
836, Begild, Female, 83, Arnor, Builder, Fame
838, Amalie, Female, 59, Numenor, Gladiator, Communication
841, Jaime, Female, 75, Numenor, Maker, Money
824, Kalyn, Female, 40, Arnor, Innkeeper, Money
827, Edith, Female, 74, Arnor, Charioteer, Life
842, Cheyenne, Female, 56, Arnor, Archivist, Life
844, Johana, Female, 82, Rohan, Jongleur, Knowledge
843, Kasey, Female, 43, Numenor, Clerk, Knowledge
846, Begilda, Female, 75, Harad, Clerk, Knowledge
845, Britheva, Female, 65, Rohan, Diviner, Power
847, Ealhild, Female, 36, Gondor, Charioteer, Communication
848, Anette, Female, 83, Gondor, Artist, Power
849, Ingibjorg, Female, 59, Harad, Artist, Money
840, Jenny, Female, 69, Rohan, Alchemist, Kindness
852, Clovis, Female, 85, Numenor, Nurse, Knowledge
851, Ally, Female, 90, Gondor, Queen, Power
853, Maria, Female, 62, Gondor, Doctor, Family
850, Dalla, Female, 92, Arnor, Lord, Money
856, Garwynn, Female, 84, Harad, Clothworker, Family
855, Leofwynn, Female, 84, Harad, Knight, Knowledge
859, Kirsten, Female, 48, Numenor, Banker, Knowledge
857, Garwynn, Female, 61, Harad, Grocer, Communication
860, Dalla, Female, 58, Harad, Cooper, Knowledge
858, Marthe, Female, 68, Harad, Brewer, Family
861, Layla, Female, 58, Harad, Daimyo, Kindness
862, Margaret, Female, 36, Harad, Caravan, Money
863, Angelina, Female, 49, Numenor, Domestic, Family
865, Cwenburh, Female, 53, Numenor, Commander, Communication
864, Kenzie, Female, 86, Harad, Musician, Power
866, Tidhild, Female, 84, Gondor, Counselor, Communication
867, Mathilda, Female, 85, Gondor, Musician, Evil
868, Vedis, Female, 50, Gondor, Soldier, Money
869, Anna, Female, 84, Gondor, Farmer, Money
870, Bera, Female, 82, Arnor, Explorer, Fame
871, Aylin, Female, 79, Arnor, Brewer, Life
873, Iliana, Female, 77, Harad, Maker, Money
874, Margaret, Female, 89, Gondor, Diviner, Power
872, Destiny, Female, 75, Rohan, Chef, Fame
839, Kristina, Female, 88, Rohan, King, Power
876, Beyhild, Female, 35, Numenor, Geisha, Money
875, Godwyna, Female, 72, Gondor, Beggar, Kindness
854, Clothilde, Female, 86, Rohan, Nurse, Power
880, Karoline, Female, 91, Rohan, Queen, Life
878, Aegileif, Female, 37, Arnor, Dictator, Power
882, Daralis, Female, 77, Numenor, Brewer, Evil
881, Bailee, Female, 87, Harad, Guardsman, Family
883, Hailie, Female, 67, Harad, Minstrel, Fame
884, Mandy, Female, 44, Harad, Diviner, Communication
887, Edusa, Female, 87, Numenor, Cowherd, Kindness
886, Mindred, Female, 79, Gondor, Butcher, Kindness
885, Edoma, Female, 43, Harad, Dictator, Communication
888, Marthe, Female, 47, Arnor, General, Knowledge
889, Lisbet, Female, 39, Numenor, Jeweler, Family
891, Melinda, Female, 82, Rohan, Cowherd, Kindness
890, Kristina, Female, 78, Harad, Chieftain, Money
892, Danielle, Female, 56, Harad, Groom, Communication
893, Natasha, Female, 35, Harad, Artist, Power
895, Weynild, Female, 80, Numenor, Chieftain, Life
894, Brenda, Female, 53, Harad, Clock, Money
896, Saewara, Female, 65, Gondor, Seller, Kindness
898, Emma, Female, 53, Numenor, Inventor, Kindness
899, Hedda, Female, 36, Harad, Painter, Kindness
877, Edoma, Female, 44, Numenor, Archer, Communication
900, Myrun, Female, 83, Harad, Cartographer, Power
901, Janie, Female, 39, Gondor, Brewer, Family
902, Mckenzie, Female, 53, Rohan, Animal, Money
903, Tara, Female, 37, Rohan, Judge, Communication
905, Maerwynn, Female, 37, Gondor, Keeper, Family
904, Rebekah, Female, 48, Harad, Maker, Fame
906, Saegyth, Female, 70, Rohan, Dancer, Evil
908, Finna, Female, 58, Harad, Fisherman, Fame
909, Agnete, Female, 59, Gondor, Fisherman, Evil
907, Gertrude, Female, 42, Numenor, Leader, Fame
879, Cathrine, Female, 88, Harad, Infantryman, Knowledge
911, Daralis, Female, 72, Numenor, Architect, Life
914, Katelynn, Female, 58, Rohan, Courtesan, Evil
912, Beverely, Female, 88, Arnor, Chandler, Family
913, Lucia, Female, 60, Numenor, Teamster, Money
915, Arild, Female, 34, Harad, Cobbler, Knowledge
917, Godelina, Female, 90, Numenor, Cooper, Power
916, Gethwine, Female, 86, Rohan, Infantryman, Communication
919, Hege, Female, 64, Rohan, Messenger, Kindness
920, Bente, Female, 91, Arnor, Builder, Power
918, Jora, Female, 47, Harad, Barber, Power
921, Roxana, Female, 34, Harad, Archer, Power
922, Christina, Female, 61, Gondor, Caravan, Kindness
897, Emma, Female, 65, Arnor, Courtier, Fame
924, Melina, Female, 39, Harad, Brick, Power
925, Mildgyth, Female, 49, Gondor, Beer, Fame
926, Eawyn, Female, 65, Numenor, Distiller, Power
928, Amalie, Female, 78, Numenor, Painter, Evil
927, Edild, Female, 62, Gondor, Handler, Fame
929, Kristin, Female, 34, Rohan, Concubine, Communication
930, Danica, Female, 36, Harad, Bricklayer, Power
932, Makenzie, Female, 91, Gondor, Maker, Knowledge
931, Maitane, Female, 53, Rohan, Commander, Family
934, Laurel, Female, 89, Arnor, Merchant, Evil
933, Jacqueline, Female, 60, Arnor, Jongleur, Knowledge
935, Agenilda, Female, 61, Numenor, Pirate, Power
938, Jora, Female, 80, Rohan, Nurse, Communication
936, Waerburh, Female, 57, Harad, Commander, Communication
923, Blaine, Female, 86, Numenor, Actor, Life
940, Dorte, Female, 68, Harad, Diplomat, Fame
941, Theresa, Female, 85, Gondor, Knight, Power
937, Hounild, Female, 44, Gondor, Artisan, Fame
942, Tatyana, Female, 58, Gondor, Chandler, Life
943, Ashlee, Female, 75, Rohan, Chandler, Family
945, Brictiva, Female, 80, Rohan, Crossbowman, Knowledge
946, Akelda, Female, 48, Harad, Domestic, Family
944, Clothilde, Female, 92, Arnor, Writer, Life
947, Burwenna, Female, 60, Rohan, Barkeep, Life
948, Ingri, Female, 87, Arnor, Guardsman, Power
950, Ingileif, Female, 81, Numenor, Boatman, Evil
949, Dalla, Female, 54, Harad, Queen, Knowledge
951, Alysa, Female, 83, Rohan, Innkeeper, Power
954, Elise, Female, 47, Numenor, Dictator, Communication
952, Tait, Female, 73, Gondor, Guildmaster, Kindness
955, Alfrun, Female, 71, Harad, Archer, Money
953, Nora, Female, 68, Gondor, Beer, Power
956, Derehild, Female, 33, Harad, Artist, Knowledge
957, Estrid, Female, 43, Numenor, Bricklayer, Knowledge
959, Malena, Female, 58, Rohan, King, Knowledge
958, Oda, Female, 76, Arnor, Barmaid, Evil
960, Myrun, Female, 33, Harad, Bard, Communication
910, Maria, Female, 80, Arnor, Dictator, Power
963, Katlyn, Female, 69, Gondor, Maker, Family
962, Tatyana, Female, 48, Rohan, Commander, Money
964, Beverley, Female, 88, Gondor, General, Family
939, Christine, Female, 52, Gondor, Swordsman, Kindness
835, Wenyld, Female, 70, Harad, Banker, Family
967, Aeschild, Female, 51, Rohan, Artist, Knowledge
969, Kirsten, Female, 69, Numenor, Monk, Money
966, Agenilda, Female, 74, Harad, Bookbinder, Evil
970, Kristin, Female, 63, Rohan, Chandler, Fame
971, Brandi, Female, 47, Rohan, Laborer, Family
972, Tamara, Female, 55, Numenor, Cartographer, Knowledge
973, Stacey, Female, 87, Harad, Clock, Knowledge
975, Golderyn, Female, 77, Arnor, Judge, Life
974, Tessa, Female, 40, Gondor, Caravan, Family
961, Iris, Female, 84, Harad, Concubine, Knowledge
965, Tidhild, Female, 87, Numenor, Merchant, Knowledge
978, Bera, Female, 64, Gondor, Merchant, Family
979, Ingibjorg, Female, 88, Harad, Slaver, Communication
980, Ingri, Female, 72, Arnor, Soldier, Evil
981, Aislinn, Female, 52, Arnor, Cobbler, Fame
983, Liana, Female, 59, Harad, Ranger, Power
982, Jazlyn, Female, 71, Gondor, Gladiator, Kindness
984, Annette, Female, 79, Harad, Chef, Family
987, Somerild, Female, 86, Rohan, Chieftain, Money
985, Engelise, Female, 34, Rohan, Chatelaine, Power
986, Gytha, Female, 62, Harad, Painter, Family
990, Malin, Female, 88, Harad, Bard, Communication
988, Hege, Female, 36, Numenor, Inventor, Knowledge
989, Ingrid, Female, 35, Gondor, Brigand, Money
991, Ashlan, Female, 65, Gondor, Teacher, Evil
992, Sofia, Female, 58, Gondor, Miner, Knowledge
995, Eawyn, Female, 54, Harad, Ranger, Money
993, Megan, Female, 67, Harad, Doctor, Kindness
994, Lizeth, Female, 86, Numenor, Galley, Money
996, Gertrude, Female, 43, Gondor, Diver, Family
997, Botild, Female, 40, Harad, Monk, Power
999, Hanna, Female, 86, Gondor, Maker, Evil
998, Vilborg, Female, 35, Gondor, Barmaid, Life
1000, Elsa, Female, 77, Gondor, Brewer, Evil
1002, Chana, Female, 38, Rohan, Guildmaster, Money
1001, Martha, Female, 59, Rohan, Merchant, Communication
1003, Melinda, Female, 39, Rohan, Dictator, Knowledge
1005, Aebbe, Female, 62, Rohan, Boatman, Family
1004, Casey, Female, 33, Rohan, Smith, Fame
1006, Sunnild, Female, 73, Harad, Thief, Kindness
1007, Waerhild, Female, 75, Numenor, Merchant, Communication
1010, Astra, Female, 64, Rohan, Chirurgeon, Power
1009, Ingunn, Female, 41, Numenor, Barbarian, Communication
1008, Caroline, Female, 56, Rohan, Caravan, Knowledge
1011, Alyssa, Female, 70, Rohan, Aristocrat, Communication
1013, Gabriella, Female, 91, Gondor, Leader, Family
1014, Mady, Female, 74, Rohan, Kitchen, Evil
1012, Miya, Female, 48, Harad, Emperor, Fame
1016, Eangyth, Female, 36, Gondor, Farmer, Power
1015, Aldreda, Female, 73, Gondor, Commander, Evil
1017, Eangyth, Female, 61, Gondor, Diplomat, Money
976, Matilda, Female, 78, Harad, Butcher, Kindness
977, Saewara, Female, 84, Arnor, Counselor, Knowledge
1019, Katrine, Female, 42, Harad, Brigand, Life
1018, Niobjorg, Female, 56, Numenor, Brigand, Communication
968, Katie, Female, 49, Gondor, Thief, Evil
1020, Vedis, Female, 88, Harad, Architect, Money